NOTE: Picked up JDK_JAVA_OPTIONS:  --add-opens=java.base/java.lang=ALL-UNNAMED --add-opens=java.base/java.lang.invoke=ALL-UNNAMED --add-opens=java.base/java.lang.reflect=ALL-UNNAMED --add-opens=java.base/java.io=ALL-UNNAMED --add-opens=java.base/java.util=ALL-UNNAMED --add-opens=java.base/java.util.concurrent=ALL-UNNAMED --add-opens=java.rmi/sun.rmi.transport=ALL-UNNAMED
12-Sep-2025 15:58:35.856 INFO [main] org.apache.catalina.startup.VersionLoggerListener.log Server version name:   Apache Tomcat/9.0.108
12-Sep-2025 15:58:35.858 INFO [main] org.apache.catalina.startup.VersionLoggerListener.log Server built:          Jul 31 2025 18:19:48 UTC
12-Sep-2025 15:58:35.858 INFO [main] org.apache.catalina.startup.VersionLoggerListener.log Server version number: 9.0.108.0
12-Sep-2025 15:58:35.858 INFO [main] org.apache.catalina.startup.VersionLoggerListener.log OS Name:               Mac OS X
12-Sep-2025 15:58:35.858 INFO [main] org.apache.catalina.startup.VersionLoggerListener.log OS Version:            15.6.1
12-Sep-2025 15:58:35.858 INFO [main] org.apache.catalina.startup.VersionLoggerListener.log Architecture:          aarch64
12-Sep-2025 15:58:35.858 INFO [main] org.apache.catalina.startup.VersionLoggerListener.log Java Home:             /opt/homebrew/Cellar/openjdk@17/17.0.15/libexec/openjdk.jdk/Contents/Home
12-Sep-2025 15:58:35.858 INFO [main] org.apache.catalina.startup.VersionLoggerListener.log JVM Version:           17.0.15+0
12-Sep-2025 15:58:35.859 INFO [main] org.apache.catalina.startup.VersionLoggerListener.log JVM Vendor:            Homebrew
12-Sep-2025 15:58:35.859 INFO [main] org.apache.catalina.startup.VersionLoggerListener.log CATALINA_BASE:         /Users/nguyendinhtanloc/Documents/Project/WebProject/project/tomCat
12-Sep-2025 15:58:35.859 INFO [main] org.apache.catalina.startup.VersionLoggerListener.log CATALINA_HOME:         /Users/nguyendinhtanloc/Documents/Project/WebProject/project/tomCat
12-Sep-2025 15:58:35.866 INFO [main] org.apache.catalina.startup.VersionLoggerListener.log Command line argument: --add-opens=java.base/java.lang=ALL-UNNAMED
12-Sep-2025 15:58:35.866 INFO [main] org.apache.catalina.startup.VersionLoggerListener.log Command line argument: --add-opens=java.base/java.lang.invoke=ALL-UNNAMED
12-Sep-2025 15:58:35.866 INFO [main] org.apache.catalina.startup.VersionLoggerListener.log Command line argument: --add-opens=java.base/java.lang.reflect=ALL-UNNAMED
12-Sep-2025 15:58:35.866 INFO [main] org.apache.catalina.startup.VersionLoggerListener.log Command line argument: --add-opens=java.base/java.io=ALL-UNNAMED
12-Sep-2025 15:58:35.866 INFO [main] org.apache.catalina.startup.VersionLoggerListener.log Command line argument: --add-opens=java.base/java.util=ALL-UNNAMED
12-Sep-2025 15:58:35.866 INFO [main] org.apache.catalina.startup.VersionLoggerListener.log Command line argument: --add-opens=java.base/java.util.concurrent=ALL-UNNAMED
12-Sep-2025 15:58:35.866 INFO [main] org.apache.catalina.startup.VersionLoggerListener.log Command line argument: --add-opens=java.rmi/sun.rmi.transport=ALL-UNNAMED
12-Sep-2025 15:58:35.866 INFO [main] org.apache.catalina.startup.VersionLoggerListener.log Command line argument: -Djava.util.logging.config.file=/Users/nguyendinhtanloc/Documents/Project/WebProject/project/tomCat/conf/logging.properties
12-Sep-2025 15:58:35.866 INFO [main] org.apache.catalina.startup.VersionLoggerListener.log Command line argument: -Djava.util.logging.manager=org.apache.juli.ClassLoaderLogManager
12-Sep-2025 15:58:35.866 INFO [main] org.apache.catalina.startup.VersionLoggerListener.log Command line argument: -Djdk.tls.ephemeralDHKeySize=2048
12-Sep-2025 15:58:35.866 INFO [main] org.apache.catalina.startup.VersionLoggerListener.log Command line argument: -Djava.protocol.handler.pkgs=org.apache.catalina.webresources
12-Sep-2025 15:58:35.866 INFO [main] org.apache.catalina.startup.VersionLoggerListener.log Command line argument: -Dsun.io.useCanonCaches=false
12-Sep-2025 15:58:35.866 INFO [main] org.apache.catalina.startup.VersionLoggerListener.log Command line argument: -Dorg.apache.catalina.security.SecurityListener.UMASK=0027
12-Sep-2025 15:58:35.866 INFO [main] org.apache.catalina.startup.VersionLoggerListener.log Command line argument: -Dignore.endorsed.dirs=
12-Sep-2025 15:58:35.866 INFO [main] org.apache.catalina.startup.VersionLoggerListener.log Command line argument: -Dcatalina.base=/Users/nguyendinhtanloc/Documents/Project/WebProject/project/tomCat
12-Sep-2025 15:58:35.866 INFO [main] org.apache.catalina.startup.VersionLoggerListener.log Command line argument: -Dcatalina.home=/Users/nguyendinhtanloc/Documents/Project/WebProject/project/tomCat
12-Sep-2025 15:58:35.866 INFO [main] org.apache.catalina.startup.VersionLoggerListener.log Command line argument: -Djava.io.tmpdir=/Users/nguyendinhtanloc/Documents/Project/WebProject/project/tomCat/temp
12-Sep-2025 15:58:35.873 INFO [main] org.apache.catalina.core.AprLifecycleListener.lifecycleEvent The Apache Tomcat Native library which allows using OpenSSL was not found on the java.library.path: [/Users/nguyendinhtanloc/Library/Java/Extensions:/Library/Java/Extensions:/Network/Library/Java/Extensions:/System/Library/Java/Extensions:/usr/lib/java:.]
12-Sep-2025 15:58:36.010 INFO [main] org.apache.coyote.AbstractProtocol.init Initializing ProtocolHandler ["http-nio-8080"]
12-Sep-2025 15:58:36.019 SEVERE [main] org.apache.catalina.util.LifecycleBase.handleSubClassException Failed to initialize component [Connector["http-nio-8080"]]
	org.apache.catalina.LifecycleException: Protocol handler initialization failed
		at org.apache.catalina.connector.Connector.initInternal(Connector.java:1072)
		at org.apache.catalina.util.LifecycleBase.init(LifecycleBase.java:122)
		at org.apache.catalina.core.StandardService.initInternal(StandardService.java:522)
		at org.apache.catalina.util.LifecycleBase.init(LifecycleBase.java:122)
		at org.apache.catalina.core.StandardServer.initInternal(StandardServer.java:986)
		at org.apache.catalina.util.LifecycleBase.init(LifecycleBase.java:122)
		at org.apache.catalina.startup.Catalina.load(Catalina.java:690)
		at org.apache.catalina.startup.Catalina.load(Catalina.java:713)
		at java.base/jdk.internal.reflect.NativeMethodAccessorImpl.invoke0(Native Method)
		at java.base/jdk.internal.reflect.NativeMethodAccessorImpl.invoke(NativeMethodAccessorImpl.java:77)
		at java.base/jdk.internal.reflect.DelegatingMethodAccessorImpl.invoke(DelegatingMethodAccessorImpl.java:43)
		at java.base/java.lang.reflect.Method.invoke(Method.java:569)
		at org.apache.catalina.startup.Bootstrap.load(Bootstrap.java:302)
		at org.apache.catalina.startup.Bootstrap.main(Bootstrap.java:475)
	Caused by: java.net.BindException: Address already in use
		at java.base/sun.nio.ch.Net.bind0(Native Method)
		at java.base/sun.nio.ch.Net.bind(Net.java:555)
		at java.base/sun.nio.ch.ServerSocketChannelImpl.netBind(ServerSocketChannelImpl.java:337)
		at java.base/sun.nio.ch.ServerSocketChannelImpl.bind(ServerSocketChannelImpl.java:294)
		at org.apache.tomcat.util.net.NioEndpoint.initServerSocket(NioEndpoint.java:298)
		at org.apache.tomcat.util.net.NioEndpoint.bind(NioEndpoint.java:253)
		at org.apache.tomcat.util.net.AbstractEndpoint.bindWithCleanup(AbstractEndpoint.java:1465)
		at org.apache.tomcat.util.net.AbstractEndpoint.init(AbstractEndpoint.java:1478)
		at org.apache.coyote.AbstractProtocol.init(AbstractProtocol.java:663)
		at org.apache.coyote.http11.AbstractHttp11Protocol.init(AbstractHttp11Protocol.java:80)
		at org.apache.catalina.connector.Connector.initInternal(Connector.java:1070)
		... 13 more
12-Sep-2025 15:58:36.020 INFO [main] org.apache.catalina.startup.Catalina.load Server initialization in [262] milliseconds
12-Sep-2025 15:58:36.036 INFO [main] org.apache.catalina.core.StandardService.startInternal Starting service [Catalina]
12-Sep-2025 15:58:36.037 INFO [main] org.apache.catalina.core.StandardEngine.startInternal Starting Servlet engine: [Apache Tomcat/9.0.108]
12-Sep-2025 15:58:36.042 INFO [main] org.apache.catalina.startup.HostConfig.deployWAR Deploying web application archive [/Users/nguyendinhtanloc/Documents/Project/WebProject/project/tomCat/webapps/BusBooking.war]
12-Sep-2025 15:58:36.452 INFO [main] org.apache.jasper.servlet.TldScanner.scanJars At least one JAR was scanned for TLDs yet contained no TLDs. Enable debug logging for this logger for a complete list of JARs that were scanned but no TLDs were found in them. Skipping unneeded JARs during scanning can improve startup time and JSP compilation time.
12-Sep-2025 15:58:36.468 INFO [main] org.apache.catalina.startup.HostConfig.deployWAR Deployment of web application archive [/Users/nguyendinhtanloc/Documents/Project/WebProject/project/tomCat/webapps/BusBooking.war] has finished in [426] ms
12-Sep-2025 15:58:36.468 INFO [main] org.apache.catalina.startup.HostConfig.deployDirectory Deploying web application directory [/Users/nguyendinhtanloc/Documents/Project/WebProject/project/tomCat/webapps/docs]
12-Sep-2025 15:58:36.478 INFO [main] org.apache.catalina.startup.HostConfig.deployDirectory Deployment of web application directory [/Users/nguyendinhtanloc/Documents/Project/WebProject/project/tomCat/webapps/docs] has finished in [10] ms
12-Sep-2025 15:58:36.478 INFO [main] org.apache.catalina.startup.HostConfig.deployDirectory Deploying web application directory [/Users/nguyendinhtanloc/Documents/Project/WebProject/project/tomCat/webapps/manager]
12-Sep-2025 15:58:36.495 INFO [main] org.apache.catalina.startup.HostConfig.deployDirectory Deployment of web application directory [/Users/nguyendinhtanloc/Documents/Project/WebProject/project/tomCat/webapps/manager] has finished in [17] ms
12-Sep-2025 15:58:36.496 INFO [main] org.apache.catalina.startup.HostConfig.deployDirectory Deploying web application directory [/Users/nguyendinhtanloc/Documents/Project/WebProject/project/tomCat/webapps/examples]
12-Sep-2025 15:58:36.579 INFO [main] org.apache.catalina.startup.HostConfig.deployDirectory Deployment of web application directory [/Users/nguyendinhtanloc/Documents/Project/WebProject/project/tomCat/webapps/examples] has finished in [84] ms
12-Sep-2025 15:58:36.579 INFO [main] org.apache.catalina.startup.HostConfig.deployDirectory Deploying web application directory [/Users/nguyendinhtanloc/Documents/Project/WebProject/project/tomCat/webapps/ROOT]
12-Sep-2025 15:58:36.585 INFO [main] org.apache.catalina.startup.HostConfig.deployDirectory Deployment of web application directory [/Users/nguyendinhtanloc/Documents/Project/WebProject/project/tomCat/webapps/ROOT] has finished in [6] ms
12-Sep-2025 15:58:36.585 INFO [main] org.apache.catalina.startup.HostConfig.deployDirectory Deploying web application directory [/Users/nguyendinhtanloc/Documents/Project/WebProject/project/tomCat/webapps/host-manager]
12-Sep-2025 15:58:36.592 INFO [main] org.apache.catalina.startup.HostConfig.deployDirectory Deployment of web application directory [/Users/nguyendinhtanloc/Documents/Project/WebProject/project/tomCat/webapps/host-manager] has finished in [7] ms
12-Sep-2025 15:58:36.594 INFO [main] org.apache.catalina.startup.Catalina.start Server startup in [573] milliseconds
12-Sep-2025 15:58:36.596 SEVERE [main] org.apache.catalina.core.StandardServer.await Failed to create server shutdown socket on address [localhost] and port [8005] (base port [8005] and offset [0])
	java.net.BindException: Address already in use
		at java.base/sun.nio.ch.Net.bind0(Native Method)
		at java.base/sun.nio.ch.Net.bind(Net.java:555)
		at java.base/sun.nio.ch.Net.bind(Net.java:544)
		at java.base/sun.nio.ch.NioSocketImpl.bind(NioSocketImpl.java:648)
		at java.base/java.net.ServerSocket.bind(ServerSocket.java:388)
		at java.base/java.net.ServerSocket.<init>(ServerSocket.java:274)
		at org.apache.catalina.core.StandardServer.await(StandardServer.java:537)
		at org.apache.catalina.startup.Catalina.await(Catalina.java:829)
		at org.apache.catalina.startup.Catalina.start(Catalina.java:777)
		at java.base/jdk.internal.reflect.NativeMethodAccessorImpl.invoke0(Native Method)
		at java.base/jdk.internal.reflect.NativeMethodAccessorImpl.invoke(NativeMethodAccessorImpl.java:77)
		at java.base/jdk.internal.reflect.DelegatingMethodAccessorImpl.invoke(DelegatingMethodAccessorImpl.java:43)
		at java.base/java.lang.reflect.Method.invoke(Method.java:569)
		at org.apache.catalina.startup.Bootstrap.start(Bootstrap.java:345)
		at org.apache.catalina.startup.Bootstrap.main(Bootstrap.java:476)
12-Sep-2025 15:58:36.596 INFO [main] org.apache.coyote.AbstractProtocol.pause Pausing ProtocolHandler ["http-nio-8080"]
12-Sep-2025 15:58:36.596 INFO [main] org.apache.catalina.core.StandardService.stopInternal Stopping service [Catalina]
12-Sep-2025 15:58:36.607 INFO [main] org.apache.coyote.AbstractProtocol.stop Stopping ProtocolHandler ["http-nio-8080"]
12-Sep-2025 15:58:36.608 INFO [main] org.apache.coyote.AbstractProtocol.destroy Destroying ProtocolHandler ["http-nio-8080"]
NOTE: Picked up JDK_JAVA_OPTIONS:  --add-opens=java.base/java.lang=ALL-UNNAMED --add-opens=java.base/java.lang.invoke=ALL-UNNAMED --add-opens=java.base/java.lang.reflect=ALL-UNNAMED --add-opens=java.base/java.io=ALL-UNNAMED --add-opens=java.base/java.util=ALL-UNNAMED --add-opens=java.base/java.util.concurrent=ALL-UNNAMED --add-opens=java.rmi/sun.rmi.transport=ALL-UNNAMED
12-Sep-2025 15:58:40.625 INFO [main] org.apache.catalina.startup.VersionLoggerListener.log Server version name:   Apache Tomcat/9.0.108
12-Sep-2025 15:58:40.627 INFO [main] org.apache.catalina.startup.VersionLoggerListener.log Server built:          Jul 31 2025 18:19:48 UTC
12-Sep-2025 15:58:40.627 INFO [main] org.apache.catalina.startup.VersionLoggerListener.log Server version number: 9.0.108.0
12-Sep-2025 15:58:40.627 INFO [main] org.apache.catalina.startup.VersionLoggerListener.log OS Name:               Mac OS X
12-Sep-2025 15:58:40.627 INFO [main] org.apache.catalina.startup.VersionLoggerListener.log OS Version:            15.6.1
12-Sep-2025 15:58:40.627 INFO [main] org.apache.catalina.startup.VersionLoggerListener.log Architecture:          aarch64
12-Sep-2025 15:58:40.627 INFO [main] org.apache.catalina.startup.VersionLoggerListener.log Java Home:             /opt/homebrew/Cellar/openjdk@17/17.0.15/libexec/openjdk.jdk/Contents/Home
12-Sep-2025 15:58:40.627 INFO [main] org.apache.catalina.startup.VersionLoggerListener.log JVM Version:           17.0.15+0
12-Sep-2025 15:58:40.627 INFO [main] org.apache.catalina.startup.VersionLoggerListener.log JVM Vendor:            Homebrew
12-Sep-2025 15:58:40.627 INFO [main] org.apache.catalina.startup.VersionLoggerListener.log CATALINA_BASE:         /Users/nguyendinhtanloc/Documents/Project/WebProject/project/tomCat
12-Sep-2025 15:58:40.627 INFO [main] org.apache.catalina.startup.VersionLoggerListener.log CATALINA_HOME:         /Users/nguyendinhtanloc/Documents/Project/WebProject/project/tomCat
12-Sep-2025 15:58:40.631 INFO [main] org.apache.catalina.startup.VersionLoggerListener.log Command line argument: --add-opens=java.base/java.lang=ALL-UNNAMED
12-Sep-2025 15:58:40.631 INFO [main] org.apache.catalina.startup.VersionLoggerListener.log Command line argument: --add-opens=java.base/java.lang.invoke=ALL-UNNAMED
12-Sep-2025 15:58:40.632 INFO [main] org.apache.catalina.startup.VersionLoggerListener.log Command line argument: --add-opens=java.base/java.lang.reflect=ALL-UNNAMED
12-Sep-2025 15:58:40.632 INFO [main] org.apache.catalina.startup.VersionLoggerListener.log Command line argument: --add-opens=java.base/java.io=ALL-UNNAMED
12-Sep-2025 15:58:40.632 INFO [main] org.apache.catalina.startup.VersionLoggerListener.log Command line argument: --add-opens=java.base/java.util=ALL-UNNAMED
12-Sep-2025 15:58:40.632 INFO [main] org.apache.catalina.startup.VersionLoggerListener.log Command line argument: --add-opens=java.base/java.util.concurrent=ALL-UNNAMED
12-Sep-2025 15:58:40.632 INFO [main] org.apache.catalina.startup.VersionLoggerListener.log Command line argument: --add-opens=java.rmi/sun.rmi.transport=ALL-UNNAMED
12-Sep-2025 15:58:40.632 INFO [main] org.apache.catalina.startup.VersionLoggerListener.log Command line argument: -Djava.util.logging.config.file=/Users/nguyendinhtanloc/Documents/Project/WebProject/project/tomCat/conf/logging.properties
12-Sep-2025 15:58:40.632 INFO [main] org.apache.catalina.startup.VersionLoggerListener.log Command line argument: -Djava.util.logging.manager=org.apache.juli.ClassLoaderLogManager
12-Sep-2025 15:58:40.632 INFO [main] org.apache.catalina.startup.VersionLoggerListener.log Command line argument: -Djdk.tls.ephemeralDHKeySize=2048
12-Sep-2025 15:58:40.632 INFO [main] org.apache.catalina.startup.VersionLoggerListener.log Command line argument: -Djava.protocol.handler.pkgs=org.apache.catalina.webresources
12-Sep-2025 15:58:40.632 INFO [main] org.apache.catalina.startup.VersionLoggerListener.log Command line argument: -Dsun.io.useCanonCaches=false
12-Sep-2025 15:58:40.632 INFO [main] org.apache.catalina.startup.VersionLoggerListener.log Command line argument: -Dorg.apache.catalina.security.SecurityListener.UMASK=0027
12-Sep-2025 15:58:40.632 INFO [main] org.apache.catalina.startup.VersionLoggerListener.log Command line argument: -Dignore.endorsed.dirs=
12-Sep-2025 15:58:40.632 INFO [main] org.apache.catalina.startup.VersionLoggerListener.log Command line argument: -Dcatalina.base=/Users/nguyendinhtanloc/Documents/Project/WebProject/project/tomCat
12-Sep-2025 15:58:40.632 INFO [main] org.apache.catalina.startup.VersionLoggerListener.log Command line argument: -Dcatalina.home=/Users/nguyendinhtanloc/Documents/Project/WebProject/project/tomCat
12-Sep-2025 15:58:40.632 INFO [main] org.apache.catalina.startup.VersionLoggerListener.log Command line argument: -Djava.io.tmpdir=/Users/nguyendinhtanloc/Documents/Project/WebProject/project/tomCat/temp
12-Sep-2025 15:58:40.637 INFO [main] org.apache.catalina.core.AprLifecycleListener.lifecycleEvent The Apache Tomcat Native library which allows using OpenSSL was not found on the java.library.path: [/Users/nguyendinhtanloc/Library/Java/Extensions:/Library/Java/Extensions:/Network/Library/Java/Extensions:/System/Library/Java/Extensions:/usr/lib/java:.]
12-Sep-2025 15:58:40.763 INFO [main] org.apache.coyote.AbstractProtocol.init Initializing ProtocolHandler ["http-nio-8080"]
12-Sep-2025 15:58:40.775 INFO [main] org.apache.catalina.startup.Catalina.load Server initialization in [226] milliseconds
12-Sep-2025 15:58:40.788 INFO [main] org.apache.catalina.core.StandardService.startInternal Starting service [Catalina]
12-Sep-2025 15:58:40.788 INFO [main] org.apache.catalina.core.StandardEngine.startInternal Starting Servlet engine: [Apache Tomcat/9.0.108]
12-Sep-2025 15:58:40.792 INFO [main] org.apache.catalina.startup.HostConfig.deployWAR Deploying web application archive [/Users/nguyendinhtanloc/Documents/Project/WebProject/project/tomCat/webapps/BusBooking.war]
12-Sep-2025 15:58:41.124 INFO [main] org.apache.jasper.servlet.TldScanner.scanJars At least one JAR was scanned for TLDs yet contained no TLDs. Enable debug logging for this logger for a complete list of JARs that were scanned but no TLDs were found in them. Skipping unneeded JARs during scanning can improve startup time and JSP compilation time.
12-Sep-2025 15:58:41.139 INFO [main] org.apache.catalina.startup.HostConfig.deployWAR Deployment of web application archive [/Users/nguyendinhtanloc/Documents/Project/WebProject/project/tomCat/webapps/BusBooking.war] has finished in [347] ms
12-Sep-2025 15:58:41.139 INFO [main] org.apache.catalina.startup.HostConfig.deployDirectory Deploying web application directory [/Users/nguyendinhtanloc/Documents/Project/WebProject/project/tomCat/webapps/docs]
12-Sep-2025 15:58:41.147 INFO [main] org.apache.catalina.startup.HostConfig.deployDirectory Deployment of web application directory [/Users/nguyendinhtanloc/Documents/Project/WebProject/project/tomCat/webapps/docs] has finished in [8] ms
12-Sep-2025 15:58:41.147 INFO [main] org.apache.catalina.startup.HostConfig.deployDirectory Deploying web application directory [/Users/nguyendinhtanloc/Documents/Project/WebProject/project/tomCat/webapps/manager]
12-Sep-2025 15:58:41.161 INFO [main] org.apache.catalina.startup.HostConfig.deployDirectory Deployment of web application directory [/Users/nguyendinhtanloc/Documents/Project/WebProject/project/tomCat/webapps/manager] has finished in [14] ms
12-Sep-2025 15:58:41.161 INFO [main] org.apache.catalina.startup.HostConfig.deployDirectory Deploying web application directory [/Users/nguyendinhtanloc/Documents/Project/WebProject/project/tomCat/webapps/examples]
12-Sep-2025 15:58:41.225 INFO [main] org.apache.catalina.startup.HostConfig.deployDirectory Deployment of web application directory [/Users/nguyendinhtanloc/Documents/Project/WebProject/project/tomCat/webapps/examples] has finished in [64] ms
12-Sep-2025 15:58:41.225 INFO [main] org.apache.catalina.startup.HostConfig.deployDirectory Deploying web application directory [/Users/nguyendinhtanloc/Documents/Project/WebProject/project/tomCat/webapps/ROOT]
12-Sep-2025 15:58:41.231 INFO [main] org.apache.catalina.startup.HostConfig.deployDirectory Deployment of web application directory [/Users/nguyendinhtanloc/Documents/Project/WebProject/project/tomCat/webapps/ROOT] has finished in [6] ms
12-Sep-2025 15:58:41.231 INFO [main] org.apache.catalina.startup.HostConfig.deployDirectory Deploying web application directory [/Users/nguyendinhtanloc/Documents/Project/WebProject/project/tomCat/webapps/host-manager]
12-Sep-2025 15:58:41.239 INFO [main] org.apache.catalina.startup.HostConfig.deployDirectory Deployment of web application directory [/Users/nguyendinhtanloc/Documents/Project/WebProject/project/tomCat/webapps/host-manager] has finished in [8] ms
12-Sep-2025 15:58:41.240 INFO [main] org.apache.coyote.AbstractProtocol.start Starting ProtocolHandler ["http-nio-8080"]
12-Sep-2025 15:58:41.244 INFO [main] org.apache.catalina.startup.Catalina.start Server startup in [469] milliseconds
12-Sep-2025 16:07:17.117 INFO [main] org.apache.catalina.core.StandardServer.await A valid shutdown command was received via the shutdown port. Stopping the Server instance.
12-Sep-2025 16:07:17.119 INFO [main] org.apache.coyote.AbstractProtocol.pause Pausing ProtocolHandler ["http-nio-8080"]
12-Sep-2025 16:07:17.121 INFO [main] org.apache.catalina.core.StandardService.stopInternal Stopping service [Catalina]
12-Sep-2025 16:07:17.139 INFO [main] org.apache.coyote.AbstractProtocol.stop Stopping ProtocolHandler ["http-nio-8080"]
12-Sep-2025 16:07:17.145 INFO [main] org.apache.coyote.AbstractProtocol.destroy Destroying ProtocolHandler ["http-nio-8080"]
NOTE: Picked up JDK_JAVA_OPTIONS:  --add-opens=java.base/java.lang=ALL-UNNAMED --add-opens=java.base/java.lang.invoke=ALL-UNNAMED --add-opens=java.base/java.lang.reflect=ALL-UNNAMED --add-opens=java.base/java.io=ALL-UNNAMED --add-opens=java.base/java.util=ALL-UNNAMED --add-opens=java.base/java.util.concurrent=ALL-UNNAMED --add-opens=java.rmi/sun.rmi.transport=ALL-UNNAMED
12-Sep-2025 16:09:47.421 INFO [main] org.apache.catalina.startup.VersionLoggerListener.log Server version name:   Apache Tomcat/9.0.108
12-Sep-2025 16:09:47.423 INFO [main] org.apache.catalina.startup.VersionLoggerListener.log Server built:          Jul 31 2025 18:19:48 UTC
12-Sep-2025 16:09:47.423 INFO [main] org.apache.catalina.startup.VersionLoggerListener.log Server version number: 9.0.108.0
12-Sep-2025 16:09:47.423 INFO [main] org.apache.catalina.startup.VersionLoggerListener.log OS Name:               Mac OS X
12-Sep-2025 16:09:47.423 INFO [main] org.apache.catalina.startup.VersionLoggerListener.log OS Version:            15.6.1
12-Sep-2025 16:09:47.423 INFO [main] org.apache.catalina.startup.VersionLoggerListener.log Architecture:          aarch64
12-Sep-2025 16:09:47.423 INFO [main] org.apache.catalina.startup.VersionLoggerListener.log Java Home:             /opt/homebrew/Cellar/openjdk@17/17.0.15/libexec/openjdk.jdk/Contents/Home
12-Sep-2025 16:09:47.423 INFO [main] org.apache.catalina.startup.VersionLoggerListener.log JVM Version:           17.0.15+0
12-Sep-2025 16:09:47.424 INFO [main] org.apache.catalina.startup.VersionLoggerListener.log JVM Vendor:            Homebrew
12-Sep-2025 16:09:47.424 INFO [main] org.apache.catalina.startup.VersionLoggerListener.log CATALINA_BASE:         /Users/nguyendinhtanloc/Documents/Project/WebProject/project/tomCat
12-Sep-2025 16:09:47.424 INFO [main] org.apache.catalina.startup.VersionLoggerListener.log CATALINA_HOME:         /Users/nguyendinhtanloc/Documents/Project/WebProject/project/tomCat
12-Sep-2025 16:09:47.432 INFO [main] org.apache.catalina.startup.VersionLoggerListener.log Command line argument: --add-opens=java.base/java.lang=ALL-UNNAMED
12-Sep-2025 16:09:47.432 INFO [main] org.apache.catalina.startup.VersionLoggerListener.log Command line argument: --add-opens=java.base/java.lang.invoke=ALL-UNNAMED
12-Sep-2025 16:09:47.432 INFO [main] org.apache.catalina.startup.VersionLoggerListener.log Command line argument: --add-opens=java.base/java.lang.reflect=ALL-UNNAMED
12-Sep-2025 16:09:47.432 INFO [main] org.apache.catalina.startup.VersionLoggerListener.log Command line argument: --add-opens=java.base/java.io=ALL-UNNAMED
12-Sep-2025 16:09:47.432 INFO [main] org.apache.catalina.startup.VersionLoggerListener.log Command line argument: --add-opens=java.base/java.util=ALL-UNNAMED
12-Sep-2025 16:09:47.432 INFO [main] org.apache.catalina.startup.VersionLoggerListener.log Command line argument: --add-opens=java.base/java.util.concurrent=ALL-UNNAMED
12-Sep-2025 16:09:47.432 INFO [main] org.apache.catalina.startup.VersionLoggerListener.log Command line argument: --add-opens=java.rmi/sun.rmi.transport=ALL-UNNAMED
12-Sep-2025 16:09:47.432 INFO [main] org.apache.catalina.startup.VersionLoggerListener.log Command line argument: -Djava.util.logging.config.file=/Users/nguyendinhtanloc/Documents/Project/WebProject/project/tomCat/conf/logging.properties
12-Sep-2025 16:09:47.432 INFO [main] org.apache.catalina.startup.VersionLoggerListener.log Command line argument: -Djava.util.logging.manager=org.apache.juli.ClassLoaderLogManager
12-Sep-2025 16:09:47.432 INFO [main] org.apache.catalina.startup.VersionLoggerListener.log Command line argument: -Djdk.tls.ephemeralDHKeySize=2048
12-Sep-2025 16:09:47.432 INFO [main] org.apache.catalina.startup.VersionLoggerListener.log Command line argument: -Djava.protocol.handler.pkgs=org.apache.catalina.webresources
12-Sep-2025 16:09:47.432 INFO [main] org.apache.catalina.startup.VersionLoggerListener.log Command line argument: -Dsun.io.useCanonCaches=false
12-Sep-2025 16:09:47.432 INFO [main] org.apache.catalina.startup.VersionLoggerListener.log Command line argument: -Dorg.apache.catalina.security.SecurityListener.UMASK=0027
12-Sep-2025 16:09:47.433 INFO [main] org.apache.catalina.startup.VersionLoggerListener.log Command line argument: -Dignore.endorsed.dirs=
12-Sep-2025 16:09:47.433 INFO [main] org.apache.catalina.startup.VersionLoggerListener.log Command line argument: -Dcatalina.base=/Users/nguyendinhtanloc/Documents/Project/WebProject/project/tomCat
12-Sep-2025 16:09:47.433 INFO [main] org.apache.catalina.startup.VersionLoggerListener.log Command line argument: -Dcatalina.home=/Users/nguyendinhtanloc/Documents/Project/WebProject/project/tomCat
12-Sep-2025 16:09:47.433 INFO [main] org.apache.catalina.startup.VersionLoggerListener.log Command line argument: -Djava.io.tmpdir=/Users/nguyendinhtanloc/Documents/Project/WebProject/project/tomCat/temp
12-Sep-2025 16:09:47.437 INFO [main] org.apache.catalina.core.AprLifecycleListener.lifecycleEvent The Apache Tomcat Native library which allows using OpenSSL was not found on the java.library.path: [/Users/nguyendinhtanloc/Library/Java/Extensions:/Library/Java/Extensions:/Network/Library/Java/Extensions:/System/Library/Java/Extensions:/usr/lib/java:.]
12-Sep-2025 16:09:47.571 INFO [main] org.apache.coyote.AbstractProtocol.init Initializing ProtocolHandler ["http-nio-8080"]
12-Sep-2025 16:09:47.584 INFO [main] org.apache.catalina.startup.Catalina.load Server initialization in [249] milliseconds
12-Sep-2025 16:09:47.601 INFO [main] org.apache.catalina.core.StandardService.startInternal Starting service [Catalina]
12-Sep-2025 16:09:47.601 INFO [main] org.apache.catalina.core.StandardEngine.startInternal Starting Servlet engine: [Apache Tomcat/9.0.108]
12-Sep-2025 16:09:47.606 INFO [main] org.apache.catalina.startup.HostConfig.deployWAR Deploying web application archive [/Users/nguyendinhtanloc/Documents/Project/WebProject/project/tomCat/webapps/BusBooking.war]
12-Sep-2025 16:09:47.611 INFO [main] org.apache.catalina.startup.ExpandWar.expand An expanded directory [/Users/nguyendinhtanloc/Documents/Project/WebProject/project/tomCat/webapps/BusBooking] was found with a last modified time that did not match the associated WAR. It will be deleted.
12-Sep-2025 16:09:48.036 INFO [main] org.apache.jasper.servlet.TldScanner.scanJars At least one JAR was scanned for TLDs yet contained no TLDs. Enable debug logging for this logger for a complete list of JARs that were scanned but no TLDs were found in them. Skipping unneeded JARs during scanning can improve startup time and JSP compilation time.
12-Sep-2025 16:09:48.055 INFO [main] org.apache.catalina.startup.HostConfig.deployWAR Deployment of web application archive [/Users/nguyendinhtanloc/Documents/Project/WebProject/project/tomCat/webapps/BusBooking.war] has finished in [449] ms
12-Sep-2025 16:09:48.056 INFO [main] org.apache.catalina.startup.HostConfig.deployDirectory Deploying web application directory [/Users/nguyendinhtanloc/Documents/Project/WebProject/project/tomCat/webapps/docs]
12-Sep-2025 16:09:48.069 INFO [main] org.apache.catalina.startup.HostConfig.deployDirectory Deployment of web application directory [/Users/nguyendinhtanloc/Documents/Project/WebProject/project/tomCat/webapps/docs] has finished in [12] ms
12-Sep-2025 16:09:48.069 INFO [main] org.apache.catalina.startup.HostConfig.deployDirectory Deploying web application directory [/Users/nguyendinhtanloc/Documents/Project/WebProject/project/tomCat/webapps/manager]
12-Sep-2025 16:09:48.081 INFO [main] org.apache.catalina.startup.HostConfig.deployDirectory Deployment of web application directory [/Users/nguyendinhtanloc/Documents/Project/WebProject/project/tomCat/webapps/manager] has finished in [12] ms
12-Sep-2025 16:09:48.081 INFO [main] org.apache.catalina.startup.HostConfig.deployDirectory Deploying web application directory [/Users/nguyendinhtanloc/Documents/Project/WebProject/project/tomCat/webapps/examples]
12-Sep-2025 16:09:48.170 INFO [main] org.apache.catalina.startup.HostConfig.deployDirectory Deployment of web application directory [/Users/nguyendinhtanloc/Documents/Project/WebProject/project/tomCat/webapps/examples] has finished in [89] ms
12-Sep-2025 16:09:48.170 INFO [main] org.apache.catalina.startup.HostConfig.deployDirectory Deploying web application directory [/Users/nguyendinhtanloc/Documents/Project/WebProject/project/tomCat/webapps/ROOT]
12-Sep-2025 16:09:48.176 INFO [main] org.apache.catalina.startup.HostConfig.deployDirectory Deployment of web application directory [/Users/nguyendinhtanloc/Documents/Project/WebProject/project/tomCat/webapps/ROOT] has finished in [5] ms
12-Sep-2025 16:09:48.176 INFO [main] org.apache.catalina.startup.HostConfig.deployDirectory Deploying web application directory [/Users/nguyendinhtanloc/Documents/Project/WebProject/project/tomCat/webapps/host-manager]
12-Sep-2025 16:09:48.183 INFO [main] org.apache.catalina.startup.HostConfig.deployDirectory Deployment of web application directory [/Users/nguyendinhtanloc/Documents/Project/WebProject/project/tomCat/webapps/host-manager] has finished in [7] ms
12-Sep-2025 16:09:48.184 INFO [main] org.apache.coyote.AbstractProtocol.start Starting ProtocolHandler ["http-nio-8080"]
12-Sep-2025 16:09:48.191 INFO [main] org.apache.catalina.startup.Catalina.start Server startup in [607] milliseconds
12-Sep-2025 16:09:49.444 INFO [main] org.apache.catalina.core.StandardServer.await A valid shutdown command was received via the shutdown port. Stopping the Server instance.
12-Sep-2025 16:09:49.445 INFO [main] org.apache.coyote.AbstractProtocol.pause Pausing ProtocolHandler ["http-nio-8080"]
12-Sep-2025 16:09:49.447 INFO [main] org.apache.catalina.core.StandardService.stopInternal Stopping service [Catalina]
12-Sep-2025 16:09:49.460 INFO [main] org.apache.coyote.AbstractProtocol.stop Stopping ProtocolHandler ["http-nio-8080"]
12-Sep-2025 16:09:49.471 INFO [main] org.apache.coyote.AbstractProtocol.destroy Destroying ProtocolHandler ["http-nio-8080"]
NOTE: Picked up JDK_JAVA_OPTIONS:  --add-opens=java.base/java.lang=ALL-UNNAMED --add-opens=java.base/java.lang.invoke=ALL-UNNAMED --add-opens=java.base/java.lang.reflect=ALL-UNNAMED --add-opens=java.base/java.io=ALL-UNNAMED --add-opens=java.base/java.util=ALL-UNNAMED --add-opens=java.base/java.util.concurrent=ALL-UNNAMED --add-opens=java.rmi/sun.rmi.transport=ALL-UNNAMED
12-Sep-2025 16:09:52.009 INFO [main] org.apache.catalina.startup.VersionLoggerListener.log Server version name:   Apache Tomcat/9.0.108
12-Sep-2025 16:09:52.011 INFO [main] org.apache.catalina.startup.VersionLoggerListener.log Server built:          Jul 31 2025 18:19:48 UTC
12-Sep-2025 16:09:52.011 INFO [main] org.apache.catalina.startup.VersionLoggerListener.log Server version number: 9.0.108.0
12-Sep-2025 16:09:52.011 INFO [main] org.apache.catalina.startup.VersionLoggerListener.log OS Name:               Mac OS X
12-Sep-2025 16:09:52.011 INFO [main] org.apache.catalina.startup.VersionLoggerListener.log OS Version:            15.6.1
12-Sep-2025 16:09:52.012 INFO [main] org.apache.catalina.startup.VersionLoggerListener.log Architecture:          aarch64
12-Sep-2025 16:09:52.012 INFO [main] org.apache.catalina.startup.VersionLoggerListener.log Java Home:             /opt/homebrew/Cellar/openjdk@17/17.0.15/libexec/openjdk.jdk/Contents/Home
12-Sep-2025 16:09:52.012 INFO [main] org.apache.catalina.startup.VersionLoggerListener.log JVM Version:           17.0.15+0
12-Sep-2025 16:09:52.012 INFO [main] org.apache.catalina.startup.VersionLoggerListener.log JVM Vendor:            Homebrew
12-Sep-2025 16:09:52.012 INFO [main] org.apache.catalina.startup.VersionLoggerListener.log CATALINA_BASE:         /Users/nguyendinhtanloc/Documents/Project/WebProject/project/tomCat
12-Sep-2025 16:09:52.012 INFO [main] org.apache.catalina.startup.VersionLoggerListener.log CATALINA_HOME:         /Users/nguyendinhtanloc/Documents/Project/WebProject/project/tomCat
12-Sep-2025 16:09:52.016 INFO [main] org.apache.catalina.startup.VersionLoggerListener.log Command line argument: --add-opens=java.base/java.lang=ALL-UNNAMED
12-Sep-2025 16:09:52.016 INFO [main] org.apache.catalina.startup.VersionLoggerListener.log Command line argument: --add-opens=java.base/java.lang.invoke=ALL-UNNAMED
12-Sep-2025 16:09:52.016 INFO [main] org.apache.catalina.startup.VersionLoggerListener.log Command line argument: --add-opens=java.base/java.lang.reflect=ALL-UNNAMED
12-Sep-2025 16:09:52.016 INFO [main] org.apache.catalina.startup.VersionLoggerListener.log Command line argument: --add-opens=java.base/java.io=ALL-UNNAMED
12-Sep-2025 16:09:52.016 INFO [main] org.apache.catalina.startup.VersionLoggerListener.log Command line argument: --add-opens=java.base/java.util=ALL-UNNAMED
12-Sep-2025 16:09:52.016 INFO [main] org.apache.catalina.startup.VersionLoggerListener.log Command line argument: --add-opens=java.base/java.util.concurrent=ALL-UNNAMED
12-Sep-2025 16:09:52.016 INFO [main] org.apache.catalina.startup.VersionLoggerListener.log Command line argument: --add-opens=java.rmi/sun.rmi.transport=ALL-UNNAMED
12-Sep-2025 16:09:52.017 INFO [main] org.apache.catalina.startup.VersionLoggerListener.log Command line argument: -Djava.util.logging.config.file=/Users/nguyendinhtanloc/Documents/Project/WebProject/project/tomCat/conf/logging.properties
12-Sep-2025 16:09:52.017 INFO [main] org.apache.catalina.startup.VersionLoggerListener.log Command line argument: -Djava.util.logging.manager=org.apache.juli.ClassLoaderLogManager
12-Sep-2025 16:09:52.017 INFO [main] org.apache.catalina.startup.VersionLoggerListener.log Command line argument: -Djdk.tls.ephemeralDHKeySize=2048
12-Sep-2025 16:09:52.017 INFO [main] org.apache.catalina.startup.VersionLoggerListener.log Command line argument: -Djava.protocol.handler.pkgs=org.apache.catalina.webresources
12-Sep-2025 16:09:52.017 INFO [main] org.apache.catalina.startup.VersionLoggerListener.log Command line argument: -Dsun.io.useCanonCaches=false
12-Sep-2025 16:09:52.017 INFO [main] org.apache.catalina.startup.VersionLoggerListener.log Command line argument: -Dorg.apache.catalina.security.SecurityListener.UMASK=0027
12-Sep-2025 16:09:52.017 INFO [main] org.apache.catalina.startup.VersionLoggerListener.log Command line argument: -Dignore.endorsed.dirs=
12-Sep-2025 16:09:52.017 INFO [main] org.apache.catalina.startup.VersionLoggerListener.log Command line argument: -Dcatalina.base=/Users/nguyendinhtanloc/Documents/Project/WebProject/project/tomCat
12-Sep-2025 16:09:52.017 INFO [main] org.apache.catalina.startup.VersionLoggerListener.log Command line argument: -Dcatalina.home=/Users/nguyendinhtanloc/Documents/Project/WebProject/project/tomCat
12-Sep-2025 16:09:52.017 INFO [main] org.apache.catalina.startup.VersionLoggerListener.log Command line argument: -Djava.io.tmpdir=/Users/nguyendinhtanloc/Documents/Project/WebProject/project/tomCat/temp
12-Sep-2025 16:09:52.022 INFO [main] org.apache.catalina.core.AprLifecycleListener.lifecycleEvent The Apache Tomcat Native library which allows using OpenSSL was not found on the java.library.path: [/Users/nguyendinhtanloc/Library/Java/Extensions:/Library/Java/Extensions:/Network/Library/Java/Extensions:/System/Library/Java/Extensions:/usr/lib/java:.]
12-Sep-2025 16:09:52.145 INFO [main] org.apache.coyote.AbstractProtocol.init Initializing ProtocolHandler ["http-nio-8080"]
12-Sep-2025 16:09:52.156 INFO [main] org.apache.catalina.startup.Catalina.load Server initialization in [229] milliseconds
12-Sep-2025 16:09:52.169 INFO [main] org.apache.catalina.core.StandardService.startInternal Starting service [Catalina]
12-Sep-2025 16:09:52.169 INFO [main] org.apache.catalina.core.StandardEngine.startInternal Starting Servlet engine: [Apache Tomcat/9.0.108]
12-Sep-2025 16:09:52.173 INFO [main] org.apache.catalina.startup.HostConfig.deployWAR Deploying web application archive [/Users/nguyendinhtanloc/Documents/Project/WebProject/project/tomCat/webapps/BusBooking.war]
12-Sep-2025 16:09:52.507 INFO [main] org.apache.jasper.servlet.TldScanner.scanJars At least one JAR was scanned for TLDs yet contained no TLDs. Enable debug logging for this logger for a complete list of JARs that were scanned but no TLDs were found in them. Skipping unneeded JARs during scanning can improve startup time and JSP compilation time.
12-Sep-2025 16:09:52.525 INFO [main] org.apache.catalina.startup.HostConfig.deployWAR Deployment of web application archive [/Users/nguyendinhtanloc/Documents/Project/WebProject/project/tomCat/webapps/BusBooking.war] has finished in [352] ms
12-Sep-2025 16:09:52.525 INFO [main] org.apache.catalina.startup.HostConfig.deployDirectory Deploying web application directory [/Users/nguyendinhtanloc/Documents/Project/WebProject/project/tomCat/webapps/docs]
12-Sep-2025 16:09:52.533 INFO [main] org.apache.catalina.startup.HostConfig.deployDirectory Deployment of web application directory [/Users/nguyendinhtanloc/Documents/Project/WebProject/project/tomCat/webapps/docs] has finished in [8] ms
12-Sep-2025 16:09:52.533 INFO [main] org.apache.catalina.startup.HostConfig.deployDirectory Deploying web application directory [/Users/nguyendinhtanloc/Documents/Project/WebProject/project/tomCat/webapps/manager]
12-Sep-2025 16:09:52.545 INFO [main] org.apache.catalina.startup.HostConfig.deployDirectory Deployment of web application directory [/Users/nguyendinhtanloc/Documents/Project/WebProject/project/tomCat/webapps/manager] has finished in [12] ms
12-Sep-2025 16:09:52.546 INFO [main] org.apache.catalina.startup.HostConfig.deployDirectory Deploying web application directory [/Users/nguyendinhtanloc/Documents/Project/WebProject/project/tomCat/webapps/examples]
12-Sep-2025 16:09:52.607 INFO [main] org.apache.catalina.startup.HostConfig.deployDirectory Deployment of web application directory [/Users/nguyendinhtanloc/Documents/Project/WebProject/project/tomCat/webapps/examples] has finished in [62] ms
12-Sep-2025 16:09:52.607 INFO [main] org.apache.catalina.startup.HostConfig.deployDirectory Deploying web application directory [/Users/nguyendinhtanloc/Documents/Project/WebProject/project/tomCat/webapps/ROOT]
12-Sep-2025 16:09:52.613 INFO [main] org.apache.catalina.startup.HostConfig.deployDirectory Deployment of web application directory [/Users/nguyendinhtanloc/Documents/Project/WebProject/project/tomCat/webapps/ROOT] has finished in [6] ms
12-Sep-2025 16:09:52.613 INFO [main] org.apache.catalina.startup.HostConfig.deployDirectory Deploying web application directory [/Users/nguyendinhtanloc/Documents/Project/WebProject/project/tomCat/webapps/host-manager]
12-Sep-2025 16:09:52.620 INFO [main] org.apache.catalina.startup.HostConfig.deployDirectory Deployment of web application directory [/Users/nguyendinhtanloc/Documents/Project/WebProject/project/tomCat/webapps/host-manager] has finished in [7] ms
12-Sep-2025 16:09:52.621 INFO [main] org.apache.coyote.AbstractProtocol.start Starting ProtocolHandler ["http-nio-8080"]
12-Sep-2025 16:09:52.625 INFO [main] org.apache.catalina.startup.Catalina.start Server startup in [468] milliseconds
12-Sep-2025 16:11:25.388 INFO [main] org.apache.catalina.core.StandardServer.await A valid shutdown command was received via the shutdown port. Stopping the Server instance.
12-Sep-2025 16:11:25.390 INFO [main] org.apache.coyote.AbstractProtocol.pause Pausing ProtocolHandler ["http-nio-8080"]
12-Sep-2025 16:11:25.394 INFO [main] org.apache.catalina.core.StandardService.stopInternal Stopping service [Catalina]
12-Sep-2025 16:11:25.411 INFO [main] org.apache.coyote.AbstractProtocol.stop Stopping ProtocolHandler ["http-nio-8080"]
12-Sep-2025 16:11:25.419 INFO [main] org.apache.coyote.AbstractProtocol.destroy Destroying ProtocolHandler ["http-nio-8080"]
NOTE: Picked up JDK_JAVA_OPTIONS:  --add-opens=java.base/java.lang=ALL-UNNAMED --add-opens=java.base/java.lang.invoke=ALL-UNNAMED --add-opens=java.base/java.lang.reflect=ALL-UNNAMED --add-opens=java.base/java.io=ALL-UNNAMED --add-opens=java.base/java.util=ALL-UNNAMED --add-opens=java.base/java.util.concurrent=ALL-UNNAMED --add-opens=java.rmi/sun.rmi.transport=ALL-UNNAMED
12-Sep-2025 16:19:34.933 INFO [main] org.apache.catalina.startup.VersionLoggerListener.log Server version name:   Apache Tomcat/9.0.108
12-Sep-2025 16:19:34.935 INFO [main] org.apache.catalina.startup.VersionLoggerListener.log Server built:          Jul 31 2025 18:19:48 UTC
12-Sep-2025 16:19:34.935 INFO [main] org.apache.catalina.startup.VersionLoggerListener.log Server version number: 9.0.108.0
12-Sep-2025 16:19:34.935 INFO [main] org.apache.catalina.startup.VersionLoggerListener.log OS Name:               Mac OS X
12-Sep-2025 16:19:34.935 INFO [main] org.apache.catalina.startup.VersionLoggerListener.log OS Version:            15.6.1
12-Sep-2025 16:19:34.935 INFO [main] org.apache.catalina.startup.VersionLoggerListener.log Architecture:          aarch64
12-Sep-2025 16:19:34.935 INFO [main] org.apache.catalina.startup.VersionLoggerListener.log Java Home:             /opt/homebrew/Cellar/openjdk@17/17.0.15/libexec/openjdk.jdk/Contents/Home
12-Sep-2025 16:19:34.935 INFO [main] org.apache.catalina.startup.VersionLoggerListener.log JVM Version:           17.0.15+0
12-Sep-2025 16:19:34.935 INFO [main] org.apache.catalina.startup.VersionLoggerListener.log JVM Vendor:            Homebrew
12-Sep-2025 16:19:34.935 INFO [main] org.apache.catalina.startup.VersionLoggerListener.log CATALINA_BASE:         /Users/nguyendinhtanloc/Documents/Project/WebProject/project/tomCat
12-Sep-2025 16:19:34.935 INFO [main] org.apache.catalina.startup.VersionLoggerListener.log CATALINA_HOME:         /Users/nguyendinhtanloc/Documents/Project/WebProject/project/tomCat
12-Sep-2025 16:19:34.943 INFO [main] org.apache.catalina.startup.VersionLoggerListener.log Command line argument: --add-opens=java.base/java.lang=ALL-UNNAMED
12-Sep-2025 16:19:34.943 INFO [main] org.apache.catalina.startup.VersionLoggerListener.log Command line argument: --add-opens=java.base/java.lang.invoke=ALL-UNNAMED
12-Sep-2025 16:19:34.943 INFO [main] org.apache.catalina.startup.VersionLoggerListener.log Command line argument: --add-opens=java.base/java.lang.reflect=ALL-UNNAMED
12-Sep-2025 16:19:34.943 INFO [main] org.apache.catalina.startup.VersionLoggerListener.log Command line argument: --add-opens=java.base/java.io=ALL-UNNAMED
12-Sep-2025 16:19:34.943 INFO [main] org.apache.catalina.startup.VersionLoggerListener.log Command line argument: --add-opens=java.base/java.util=ALL-UNNAMED
12-Sep-2025 16:19:34.943 INFO [main] org.apache.catalina.startup.VersionLoggerListener.log Command line argument: --add-opens=java.base/java.util.concurrent=ALL-UNNAMED
12-Sep-2025 16:19:34.943 INFO [main] org.apache.catalina.startup.VersionLoggerListener.log Command line argument: --add-opens=java.rmi/sun.rmi.transport=ALL-UNNAMED
12-Sep-2025 16:19:34.943 INFO [main] org.apache.catalina.startup.VersionLoggerListener.log Command line argument: -Djava.util.logging.config.file=/Users/nguyendinhtanloc/Documents/Project/WebProject/project/tomCat/conf/logging.properties
12-Sep-2025 16:19:34.943 INFO [main] org.apache.catalina.startup.VersionLoggerListener.log Command line argument: -Djava.util.logging.manager=org.apache.juli.ClassLoaderLogManager
12-Sep-2025 16:19:34.943 INFO [main] org.apache.catalina.startup.VersionLoggerListener.log Command line argument: -Djdk.tls.ephemeralDHKeySize=2048
12-Sep-2025 16:19:34.943 INFO [main] org.apache.catalina.startup.VersionLoggerListener.log Command line argument: -Djava.protocol.handler.pkgs=org.apache.catalina.webresources
12-Sep-2025 16:19:34.943 INFO [main] org.apache.catalina.startup.VersionLoggerListener.log Command line argument: -Dsun.io.useCanonCaches=false
12-Sep-2025 16:19:34.943 INFO [main] org.apache.catalina.startup.VersionLoggerListener.log Command line argument: -Dorg.apache.catalina.security.SecurityListener.UMASK=0027
12-Sep-2025 16:19:34.943 INFO [main] org.apache.catalina.startup.VersionLoggerListener.log Command line argument: -Dignore.endorsed.dirs=
12-Sep-2025 16:19:34.943 INFO [main] org.apache.catalina.startup.VersionLoggerListener.log Command line argument: -Dcatalina.base=/Users/nguyendinhtanloc/Documents/Project/WebProject/project/tomCat
12-Sep-2025 16:19:34.943 INFO [main] org.apache.catalina.startup.VersionLoggerListener.log Command line argument: -Dcatalina.home=/Users/nguyendinhtanloc/Documents/Project/WebProject/project/tomCat
12-Sep-2025 16:19:34.943 INFO [main] org.apache.catalina.startup.VersionLoggerListener.log Command line argument: -Djava.io.tmpdir=/Users/nguyendinhtanloc/Documents/Project/WebProject/project/tomCat/temp
12-Sep-2025 16:19:34.948 INFO [main] org.apache.catalina.core.AprLifecycleListener.lifecycleEvent The Apache Tomcat Native library which allows using OpenSSL was not found on the java.library.path: [/Users/nguyendinhtanloc/Library/Java/Extensions:/Library/Java/Extensions:/Network/Library/Java/Extensions:/System/Library/Java/Extensions:/usr/lib/java:.]
12-Sep-2025 16:19:35.080 INFO [main] org.apache.coyote.AbstractProtocol.init Initializing ProtocolHandler ["http-nio-8080"]
12-Sep-2025 16:19:35.093 INFO [main] org.apache.catalina.startup.Catalina.load Server initialization in [258] milliseconds
12-Sep-2025 16:19:35.110 INFO [main] org.apache.catalina.core.StandardService.startInternal Starting service [Catalina]
12-Sep-2025 16:19:35.110 INFO [main] org.apache.catalina.core.StandardEngine.startInternal Starting Servlet engine: [Apache Tomcat/9.0.108]
12-Sep-2025 16:19:35.115 INFO [main] org.apache.catalina.startup.HostConfig.deployWAR Deploying web application archive [/Users/nguyendinhtanloc/Documents/Project/WebProject/project/tomCat/webapps/BusBooking.war]
12-Sep-2025 16:19:35.121 INFO [main] org.apache.catalina.startup.ExpandWar.expand An expanded directory [/Users/nguyendinhtanloc/Documents/Project/WebProject/project/tomCat/webapps/BusBooking] was found with a last modified time that did not match the associated WAR. It will be deleted.
12-Sep-2025 16:19:35.526 INFO [main] org.apache.jasper.servlet.TldScanner.scanJars At least one JAR was scanned for TLDs yet contained no TLDs. Enable debug logging for this logger for a complete list of JARs that were scanned but no TLDs were found in them. Skipping unneeded JARs during scanning can improve startup time and JSP compilation time.
12-Sep-2025 16:19:35.546 INFO [main] org.apache.catalina.startup.HostConfig.deployWAR Deployment of web application archive [/Users/nguyendinhtanloc/Documents/Project/WebProject/project/tomCat/webapps/BusBooking.war] has finished in [431] ms
12-Sep-2025 16:19:35.546 INFO [main] org.apache.catalina.startup.HostConfig.deployDirectory Deploying web application directory [/Users/nguyendinhtanloc/Documents/Project/WebProject/project/tomCat/webapps/docs]
12-Sep-2025 16:19:35.555 INFO [main] org.apache.catalina.startup.HostConfig.deployDirectory Deployment of web application directory [/Users/nguyendinhtanloc/Documents/Project/WebProject/project/tomCat/webapps/docs] has finished in [9] ms
12-Sep-2025 16:19:35.555 INFO [main] org.apache.catalina.startup.HostConfig.deployDirectory Deploying web application directory [/Users/nguyendinhtanloc/Documents/Project/WebProject/project/tomCat/webapps/manager]
12-Sep-2025 16:19:35.568 INFO [main] org.apache.catalina.startup.HostConfig.deployDirectory Deployment of web application directory [/Users/nguyendinhtanloc/Documents/Project/WebProject/project/tomCat/webapps/manager] has finished in [13] ms
12-Sep-2025 16:19:35.568 INFO [main] org.apache.catalina.startup.HostConfig.deployDirectory Deploying web application directory [/Users/nguyendinhtanloc/Documents/Project/WebProject/project/tomCat/webapps/examples]
12-Sep-2025 16:19:35.648 INFO [main] org.apache.catalina.startup.HostConfig.deployDirectory Deployment of web application directory [/Users/nguyendinhtanloc/Documents/Project/WebProject/project/tomCat/webapps/examples] has finished in [80] ms
12-Sep-2025 16:19:35.648 INFO [main] org.apache.catalina.startup.HostConfig.deployDirectory Deploying web application directory [/Users/nguyendinhtanloc/Documents/Project/WebProject/project/tomCat/webapps/ROOT]
12-Sep-2025 16:19:35.654 INFO [main] org.apache.catalina.startup.HostConfig.deployDirectory Deployment of web application directory [/Users/nguyendinhtanloc/Documents/Project/WebProject/project/tomCat/webapps/ROOT] has finished in [6] ms
12-Sep-2025 16:19:35.654 INFO [main] org.apache.catalina.startup.HostConfig.deployDirectory Deploying web application directory [/Users/nguyendinhtanloc/Documents/Project/WebProject/project/tomCat/webapps/host-manager]
12-Sep-2025 16:19:35.661 INFO [main] org.apache.catalina.startup.HostConfig.deployDirectory Deployment of web application directory [/Users/nguyendinhtanloc/Documents/Project/WebProject/project/tomCat/webapps/host-manager] has finished in [7] ms
12-Sep-2025 16:19:35.662 INFO [main] org.apache.coyote.AbstractProtocol.start Starting ProtocolHandler ["http-nio-8080"]
12-Sep-2025 16:19:35.667 INFO [main] org.apache.catalina.startup.Catalina.start Server startup in [573] milliseconds
12-Sep-2025 16:19:36.611 INFO [main] org.apache.catalina.core.StandardServer.await A valid shutdown command was received via the shutdown port. Stopping the Server instance.
12-Sep-2025 16:19:36.611 INFO [main] org.apache.coyote.AbstractProtocol.pause Pausing ProtocolHandler ["http-nio-8080"]
12-Sep-2025 16:19:36.613 INFO [main] org.apache.catalina.core.StandardService.stopInternal Stopping service [Catalina]
12-Sep-2025 16:19:36.627 INFO [main] org.apache.coyote.AbstractProtocol.stop Stopping ProtocolHandler ["http-nio-8080"]
12-Sep-2025 16:19:36.638 INFO [main] org.apache.coyote.AbstractProtocol.destroy Destroying ProtocolHandler ["http-nio-8080"]
NOTE: Picked up JDK_JAVA_OPTIONS:  --add-opens=java.base/java.lang=ALL-UNNAMED --add-opens=java.base/java.lang.invoke=ALL-UNNAMED --add-opens=java.base/java.lang.reflect=ALL-UNNAMED --add-opens=java.base/java.io=ALL-UNNAMED --add-opens=java.base/java.util=ALL-UNNAMED --add-opens=java.base/java.util.concurrent=ALL-UNNAMED --add-opens=java.rmi/sun.rmi.transport=ALL-UNNAMED
12-Sep-2025 16:19:38.402 INFO [main] org.apache.catalina.startup.VersionLoggerListener.log Server version name:   Apache Tomcat/9.0.108
12-Sep-2025 16:19:38.404 INFO [main] org.apache.catalina.startup.VersionLoggerListener.log Server built:          Jul 31 2025 18:19:48 UTC
12-Sep-2025 16:19:38.404 INFO [main] org.apache.catalina.startup.VersionLoggerListener.log Server version number: 9.0.108.0
12-Sep-2025 16:19:38.404 INFO [main] org.apache.catalina.startup.VersionLoggerListener.log OS Name:               Mac OS X
12-Sep-2025 16:19:38.404 INFO [main] org.apache.catalina.startup.VersionLoggerListener.log OS Version:            15.6.1
12-Sep-2025 16:19:38.404 INFO [main] org.apache.catalina.startup.VersionLoggerListener.log Architecture:          aarch64
12-Sep-2025 16:19:38.404 INFO [main] org.apache.catalina.startup.VersionLoggerListener.log Java Home:             /opt/homebrew/Cellar/openjdk@17/17.0.15/libexec/openjdk.jdk/Contents/Home
12-Sep-2025 16:19:38.404 INFO [main] org.apache.catalina.startup.VersionLoggerListener.log JVM Version:           17.0.15+0
12-Sep-2025 16:19:38.404 INFO [main] org.apache.catalina.startup.VersionLoggerListener.log JVM Vendor:            Homebrew
12-Sep-2025 16:19:38.404 INFO [main] org.apache.catalina.startup.VersionLoggerListener.log CATALINA_BASE:         /Users/nguyendinhtanloc/Documents/Project/WebProject/project/tomCat
12-Sep-2025 16:19:38.404 INFO [main] org.apache.catalina.startup.VersionLoggerListener.log CATALINA_HOME:         /Users/nguyendinhtanloc/Documents/Project/WebProject/project/tomCat
12-Sep-2025 16:19:38.408 INFO [main] org.apache.catalina.startup.VersionLoggerListener.log Command line argument: --add-opens=java.base/java.lang=ALL-UNNAMED
12-Sep-2025 16:19:38.409 INFO [main] org.apache.catalina.startup.VersionLoggerListener.log Command line argument: --add-opens=java.base/java.lang.invoke=ALL-UNNAMED
12-Sep-2025 16:19:38.409 INFO [main] org.apache.catalina.startup.VersionLoggerListener.log Command line argument: --add-opens=java.base/java.lang.reflect=ALL-UNNAMED
12-Sep-2025 16:19:38.409 INFO [main] org.apache.catalina.startup.VersionLoggerListener.log Command line argument: --add-opens=java.base/java.io=ALL-UNNAMED
12-Sep-2025 16:19:38.409 INFO [main] org.apache.catalina.startup.VersionLoggerListener.log Command line argument: --add-opens=java.base/java.util=ALL-UNNAMED
12-Sep-2025 16:19:38.409 INFO [main] org.apache.catalina.startup.VersionLoggerListener.log Command line argument: --add-opens=java.base/java.util.concurrent=ALL-UNNAMED
12-Sep-2025 16:19:38.409 INFO [main] org.apache.catalina.startup.VersionLoggerListener.log Command line argument: --add-opens=java.rmi/sun.rmi.transport=ALL-UNNAMED
12-Sep-2025 16:19:38.409 INFO [main] org.apache.catalina.startup.VersionLoggerListener.log Command line argument: -Djava.util.logging.config.file=/Users/nguyendinhtanloc/Documents/Project/WebProject/project/tomCat/conf/logging.properties
12-Sep-2025 16:19:38.409 INFO [main] org.apache.catalina.startup.VersionLoggerListener.log Command line argument: -Djava.util.logging.manager=org.apache.juli.ClassLoaderLogManager
12-Sep-2025 16:19:38.409 INFO [main] org.apache.catalina.startup.VersionLoggerListener.log Command line argument: -Djdk.tls.ephemeralDHKeySize=2048
12-Sep-2025 16:19:38.409 INFO [main] org.apache.catalina.startup.VersionLoggerListener.log Command line argument: -Djava.protocol.handler.pkgs=org.apache.catalina.webresources
12-Sep-2025 16:19:38.409 INFO [main] org.apache.catalina.startup.VersionLoggerListener.log Command line argument: -Dsun.io.useCanonCaches=false
12-Sep-2025 16:19:38.409 INFO [main] org.apache.catalina.startup.VersionLoggerListener.log Command line argument: -Dorg.apache.catalina.security.SecurityListener.UMASK=0027
12-Sep-2025 16:19:38.409 INFO [main] org.apache.catalina.startup.VersionLoggerListener.log Command line argument: -Dignore.endorsed.dirs=
12-Sep-2025 16:19:38.409 INFO [main] org.apache.catalina.startup.VersionLoggerListener.log Command line argument: -Dcatalina.base=/Users/nguyendinhtanloc/Documents/Project/WebProject/project/tomCat
12-Sep-2025 16:19:38.409 INFO [main] org.apache.catalina.startup.VersionLoggerListener.log Command line argument: -Dcatalina.home=/Users/nguyendinhtanloc/Documents/Project/WebProject/project/tomCat
12-Sep-2025 16:19:38.409 INFO [main] org.apache.catalina.startup.VersionLoggerListener.log Command line argument: -Djava.io.tmpdir=/Users/nguyendinhtanloc/Documents/Project/WebProject/project/tomCat/temp
12-Sep-2025 16:19:38.414 INFO [main] org.apache.catalina.core.AprLifecycleListener.lifecycleEvent The Apache Tomcat Native library which allows using OpenSSL was not found on the java.library.path: [/Users/nguyendinhtanloc/Library/Java/Extensions:/Library/Java/Extensions:/Network/Library/Java/Extensions:/System/Library/Java/Extensions:/usr/lib/java:.]
12-Sep-2025 16:19:38.546 INFO [main] org.apache.coyote.AbstractProtocol.init Initializing ProtocolHandler ["http-nio-8080"]
12-Sep-2025 16:19:38.557 INFO [main] org.apache.catalina.startup.Catalina.load Server initialization in [229] milliseconds
12-Sep-2025 16:19:38.569 INFO [main] org.apache.catalina.core.StandardService.startInternal Starting service [Catalina]
12-Sep-2025 16:19:38.569 INFO [main] org.apache.catalina.core.StandardEngine.startInternal Starting Servlet engine: [Apache Tomcat/9.0.108]
12-Sep-2025 16:19:38.575 INFO [main] org.apache.catalina.startup.HostConfig.deployWAR Deploying web application archive [/Users/nguyendinhtanloc/Documents/Project/WebProject/project/tomCat/webapps/BusBooking.war]
12-Sep-2025 16:19:38.955 INFO [main] org.apache.jasper.servlet.TldScanner.scanJars At least one JAR was scanned for TLDs yet contained no TLDs. Enable debug logging for this logger for a complete list of JARs that were scanned but no TLDs were found in them. Skipping unneeded JARs during scanning can improve startup time and JSP compilation time.
12-Sep-2025 16:19:38.973 INFO [main] org.apache.catalina.startup.HostConfig.deployWAR Deployment of web application archive [/Users/nguyendinhtanloc/Documents/Project/WebProject/project/tomCat/webapps/BusBooking.war] has finished in [398] ms
12-Sep-2025 16:19:38.973 INFO [main] org.apache.catalina.startup.HostConfig.deployDirectory Deploying web application directory [/Users/nguyendinhtanloc/Documents/Project/WebProject/project/tomCat/webapps/docs]
12-Sep-2025 16:19:38.983 INFO [main] org.apache.catalina.startup.HostConfig.deployDirectory Deployment of web application directory [/Users/nguyendinhtanloc/Documents/Project/WebProject/project/tomCat/webapps/docs] has finished in [10] ms
12-Sep-2025 16:19:38.983 INFO [main] org.apache.catalina.startup.HostConfig.deployDirectory Deploying web application directory [/Users/nguyendinhtanloc/Documents/Project/WebProject/project/tomCat/webapps/manager]
12-Sep-2025 16:19:38.995 INFO [main] org.apache.catalina.startup.HostConfig.deployDirectory Deployment of web application directory [/Users/nguyendinhtanloc/Documents/Project/WebProject/project/tomCat/webapps/manager] has finished in [12] ms
12-Sep-2025 16:19:38.995 INFO [main] org.apache.catalina.startup.HostConfig.deployDirectory Deploying web application directory [/Users/nguyendinhtanloc/Documents/Project/WebProject/project/tomCat/webapps/examples]
12-Sep-2025 16:19:39.059 INFO [main] org.apache.catalina.startup.HostConfig.deployDirectory Deployment of web application directory [/Users/nguyendinhtanloc/Documents/Project/WebProject/project/tomCat/webapps/examples] has finished in [64] ms
12-Sep-2025 16:19:39.059 INFO [main] org.apache.catalina.startup.HostConfig.deployDirectory Deploying web application directory [/Users/nguyendinhtanloc/Documents/Project/WebProject/project/tomCat/webapps/ROOT]
12-Sep-2025 16:19:39.068 INFO [main] org.apache.catalina.startup.HostConfig.deployDirectory Deployment of web application directory [/Users/nguyendinhtanloc/Documents/Project/WebProject/project/tomCat/webapps/ROOT] has finished in [9] ms
12-Sep-2025 16:19:39.068 INFO [main] org.apache.catalina.startup.HostConfig.deployDirectory Deploying web application directory [/Users/nguyendinhtanloc/Documents/Project/WebProject/project/tomCat/webapps/host-manager]
12-Sep-2025 16:19:39.075 INFO [main] org.apache.catalina.startup.HostConfig.deployDirectory Deployment of web application directory [/Users/nguyendinhtanloc/Documents/Project/WebProject/project/tomCat/webapps/host-manager] has finished in [7] ms
12-Sep-2025 16:19:39.076 INFO [main] org.apache.coyote.AbstractProtocol.start Starting ProtocolHandler ["http-nio-8080"]
12-Sep-2025 16:19:39.080 INFO [main] org.apache.catalina.startup.Catalina.start Server startup in [523] milliseconds
12-Sep-2025 16:24:49.327 INFO [Catalina-utility-2] org.apache.catalina.users.MemoryUserDatabase.backgroundProcess Reloading memory user database [UserDatabase] from updated source [file:/Users/nguyendinhtanloc/Documents/Project/WebProject/project/tomCat/conf/tomcat-users.xml]
12-Sep-2025 16:24:49.331 SEVERE [Catalina-utility-2] org.apache.catalina.users.MemoryUserDatabase.open The specified user database [conf/tomcat-users.xml] could not be found
12-Sep-2025 16:24:49.837 INFO [Catalina-utility-2] org.apache.catalina.startup.HostConfig.undeploy Undeploying context []
12-Sep-2025 16:24:49.851 WARNING [Catalina-utility-2] org.apache.catalina.loader.WebappClassLoaderBase.clearReferencesJdbc JDBC driver de-registration failed for web application [ROOT]
	java.io.FileNotFoundException: org/apache/catalina/loader/JdbcLeakPrevention.class
		at org.apache.catalina.loader.WebappClassLoaderBase.clearReferencesJdbc(WebappClassLoaderBase.java:1629)
		at org.apache.catalina.loader.WebappClassLoaderBase.clearReferences(WebappClassLoaderBase.java:1572)
		at org.apache.catalina.loader.WebappClassLoaderBase.stop(WebappClassLoaderBase.java:1509)
		at org.apache.catalina.loader.WebappLoader.stopInternal(WebappLoader.java:410)
		at org.apache.catalina.util.LifecycleBase.stop(LifecycleBase.java:235)
		at org.apache.catalina.core.StandardContext.stopInternal(StandardContext.java:4764)
		at org.apache.catalina.util.LifecycleBase.stop(LifecycleBase.java:235)
		at org.apache.catalina.core.ContainerBase.removeChild(ContainerBase.java:659)
		at org.apache.catalina.startup.HostConfig.undeploy(HostConfig.java:1437)
		at org.apache.catalina.startup.HostConfig.checkResources(HostConfig.java:1366)
		at org.apache.catalina.startup.HostConfig.check(HostConfig.java:1615)
		at org.apache.catalina.startup.HostConfig.lifecycleEvent(HostConfig.java:308)
		at org.apache.catalina.util.LifecycleBase.fireLifecycleEvent(LifecycleBase.java:109)
		at org.apache.catalina.core.ContainerBase.backgroundProcess(ContainerBase.java:973)
		at org.apache.catalina.core.ContainerBase$ContainerBackgroundProcessor.processChildren(ContainerBase.java:1172)
		at org.apache.catalina.core.ContainerBase$ContainerBackgroundProcessor.processChildren(ContainerBase.java:1176)
		at org.apache.catalina.core.ContainerBase$ContainerBackgroundProcessor.run(ContainerBase.java:1154)
		at java.base/java.util.concurrent.Executors$RunnableAdapter.call(Executors.java:539)
		at java.base/java.util.concurrent.FutureTask.runAndReset(FutureTask.java:305)
		at java.base/java.util.concurrent.ScheduledThreadPoolExecutor$ScheduledFutureTask.run(ScheduledThreadPoolExecutor.java:305)
		at java.base/java.util.concurrent.ThreadPoolExecutor.runWorker(ThreadPoolExecutor.java:1136)
		at java.base/java.util.concurrent.ThreadPoolExecutor$Worker.run(ThreadPoolExecutor.java:635)
		at org.apache.tomcat.util.threads.TaskThread$WrappingRunnable.run(TaskThread.java:63)
		at java.base/java.lang.Thread.run(Thread.java:840)
12-Sep-2025 16:24:49.863 INFO [Catalina-utility-2] org.apache.catalina.startup.HostConfig.undeploy Undeploying context [/BusBooking]
12-Sep-2025 16:24:49.863 SEVERE [Catalina-utility-2] org.apache.catalina.session.StandardManager.stopInternal Exception unloading sessions to persistent storage
	java.io.FileNotFoundException: /Users/nguyendinhtanloc/Documents/Project/WebProject/project/tomCat/work/Catalina/localhost/BusBooking/SESSIONS.ser (No such file or directory)
		at java.base/java.io.FileOutputStream.open0(Native Method)
		at java.base/java.io.FileOutputStream.open(FileOutputStream.java:293)
		at java.base/java.io.FileOutputStream.<init>(FileOutputStream.java:235)
		at java.base/java.io.FileOutputStream.<init>(FileOutputStream.java:123)
		at org.apache.catalina.session.StandardManager.doUnload(StandardManager.java:292)
		at org.apache.catalina.session.StandardManager.unload(StandardManager.java:258)
		at org.apache.catalina.session.StandardManager.stopInternal(StandardManager.java:373)
		at org.apache.catalina.util.LifecycleBase.stop(LifecycleBase.java:235)
		at org.apache.catalina.core.StandardContext.stopInternal(StandardContext.java:4723)
		at org.apache.catalina.util.LifecycleBase.stop(LifecycleBase.java:235)
		at org.apache.catalina.core.ContainerBase.removeChild(ContainerBase.java:659)
		at org.apache.catalina.startup.HostConfig.undeploy(HostConfig.java:1437)
		at org.apache.catalina.startup.HostConfig.checkResources(HostConfig.java:1366)
		at org.apache.catalina.startup.HostConfig.check(HostConfig.java:1615)
		at org.apache.catalina.startup.HostConfig.lifecycleEvent(HostConfig.java:308)
		at org.apache.catalina.util.LifecycleBase.fireLifecycleEvent(LifecycleBase.java:109)
		at org.apache.catalina.core.ContainerBase.backgroundProcess(ContainerBase.java:973)
		at org.apache.catalina.core.ContainerBase$ContainerBackgroundProcessor.processChildren(ContainerBase.java:1172)
		at org.apache.catalina.core.ContainerBase$ContainerBackgroundProcessor.processChildren(ContainerBase.java:1176)
		at org.apache.catalina.core.ContainerBase$ContainerBackgroundProcessor.run(ContainerBase.java:1154)
		at java.base/java.util.concurrent.Executors$RunnableAdapter.call(Executors.java:539)
		at java.base/java.util.concurrent.FutureTask.runAndReset(FutureTask.java:305)
		at java.base/java.util.concurrent.ScheduledThreadPoolExecutor$ScheduledFutureTask.run(ScheduledThreadPoolExecutor.java:305)
		at java.base/java.util.concurrent.ThreadPoolExecutor.runWorker(ThreadPoolExecutor.java:1136)
		at java.base/java.util.concurrent.ThreadPoolExecutor$Worker.run(ThreadPoolExecutor.java:635)
		at org.apache.tomcat.util.threads.TaskThread$WrappingRunnable.run(TaskThread.java:63)
		at java.base/java.lang.Thread.run(Thread.java:840)
12-Sep-2025 16:24:49.867 WARNING [Catalina-utility-2] org.apache.catalina.loader.WebappClassLoaderBase.clearReferencesJdbc JDBC driver de-registration failed for web application [BusBooking]
	java.lang.IllegalStateException: java.io.IOException: java.lang.reflect.InvocationTargetException
		at org.apache.catalina.webresources.AbstractSingleArchiveResourceSet.getArchiveEntry(AbstractSingleArchiveResourceSet.java:100)
		at org.apache.catalina.webresources.AbstractArchiveResourceSet.getResource(AbstractArchiveResourceSet.java:251)
		at org.apache.catalina.webresources.StandardRoot.getResourceInternal(StandardRoot.java:273)
		at org.apache.catalina.webresources.Cache.getResource(Cache.java:64)
		at org.apache.catalina.webresources.StandardRoot.getResource(StandardRoot.java:212)
		at org.apache.catalina.webresources.StandardRoot.getClassLoaderResource(StandardRoot.java:221)
		at org.apache.catalina.loader.WebappClassLoaderBase.getResourceAsStream(WebappClassLoaderBase.java:1104)
		at org.apache.catalina.loader.WebappClassLoaderBase.clearReferencesJdbc(WebappClassLoaderBase.java:1627)
		at org.apache.catalina.loader.WebappClassLoaderBase.clearReferences(WebappClassLoaderBase.java:1572)
		at org.apache.catalina.loader.WebappClassLoaderBase.stop(WebappClassLoaderBase.java:1509)
		at org.apache.catalina.loader.WebappLoader.stopInternal(WebappLoader.java:410)
		at org.apache.catalina.util.LifecycleBase.stop(LifecycleBase.java:235)
		at org.apache.catalina.core.StandardContext.stopInternal(StandardContext.java:4764)
		at org.apache.catalina.util.LifecycleBase.stop(LifecycleBase.java:235)
		at org.apache.catalina.core.ContainerBase.removeChild(ContainerBase.java:659)
		at org.apache.catalina.startup.HostConfig.undeploy(HostConfig.java:1437)
		at org.apache.catalina.startup.HostConfig.checkResources(HostConfig.java:1366)
		at org.apache.catalina.startup.HostConfig.check(HostConfig.java:1615)
		at org.apache.catalina.startup.HostConfig.lifecycleEvent(HostConfig.java:308)
		at org.apache.catalina.util.LifecycleBase.fireLifecycleEvent(LifecycleBase.java:109)
		at org.apache.catalina.core.ContainerBase.backgroundProcess(ContainerBase.java:973)
		at org.apache.catalina.core.ContainerBase$ContainerBackgroundProcessor.processChildren(ContainerBase.java:1172)
		at org.apache.catalina.core.ContainerBase$ContainerBackgroundProcessor.processChildren(ContainerBase.java:1176)
		at org.apache.catalina.core.ContainerBase$ContainerBackgroundProcessor.run(ContainerBase.java:1154)
		at java.base/java.util.concurrent.Executors$RunnableAdapter.call(Executors.java:539)
		at java.base/java.util.concurrent.FutureTask.runAndReset(FutureTask.java:305)
		at java.base/java.util.concurrent.ScheduledThreadPoolExecutor$ScheduledFutureTask.run(ScheduledThreadPoolExecutor.java:305)
		at java.base/java.util.concurrent.ThreadPoolExecutor.runWorker(ThreadPoolExecutor.java:1136)
		at java.base/java.util.concurrent.ThreadPoolExecutor$Worker.run(ThreadPoolExecutor.java:635)
		at org.apache.tomcat.util.threads.TaskThread$WrappingRunnable.run(TaskThread.java:63)
		at java.base/java.lang.Thread.run(Thread.java:840)
	Caused by: java.io.IOException: java.lang.reflect.InvocationTargetException
		at org.apache.tomcat.util.compat.Jre9Compat.jarFileNewInstance(Jre9Compat.java:208)
		at org.apache.tomcat.util.compat.Jre12Compat.jarFileNewInstance(Jre12Compat.java:33)
		at org.apache.tomcat.util.compat.JreCompat.jarFileNewInstance(JreCompat.java:302)
		at org.apache.catalina.webresources.AbstractArchiveResourceSet.openJarFile(AbstractArchiveResourceSet.java:320)
		at org.apache.catalina.webresources.AbstractSingleArchiveResourceSet.getArchiveEntry(AbstractSingleArchiveResourceSet.java:96)
		... 30 more
	Caused by: java.lang.reflect.InvocationTargetException
		at java.base/jdk.internal.reflect.GeneratedConstructorAccessor7.newInstance(Unknown Source)
		at java.base/jdk.internal.reflect.DelegatingConstructorAccessorImpl.newInstance(DelegatingConstructorAccessorImpl.java:45)
		at java.base/java.lang.reflect.Constructor.newInstanceWithCaller(Constructor.java:500)
		at java.base/java.lang.reflect.Constructor.newInstance(Constructor.java:481)
		at org.apache.tomcat.util.compat.Jre9Compat.jarFileNewInstance(Jre9Compat.java:206)
		... 34 more
	Caused by: java.nio.file.NoSuchFileException: /Users/nguyendinhtanloc/Documents/Project/WebProject/project/tomCat/webapps/BusBooking/WEB-INF/lib/activation-1.1.jar
		at java.base/sun.nio.fs.UnixException.translateToIOException(UnixException.java:92)
		at java.base/sun.nio.fs.UnixException.rethrowAsIOException(UnixException.java:106)
		at java.base/sun.nio.fs.UnixException.rethrowAsIOException(UnixException.java:111)
		at java.base/sun.nio.fs.UnixFileAttributeViews$Basic.readAttributes(UnixFileAttributeViews.java:55)
		at java.base/sun.nio.fs.UnixFileSystemProvider.readAttributes(UnixFileSystemProvider.java:148)
		at java.base/java.nio.file.Files.readAttributes(Files.java:1851)
		at java.base/java.util.zip.ZipFile$Source.get(ZipFile.java:1432)
		at java.base/java.util.zip.ZipFile$CleanableResource.<init>(ZipFile.java:717)
		at java.base/java.util.zip.ZipFile.<init>(ZipFile.java:251)
		at java.base/java.util.zip.ZipFile.<init>(ZipFile.java:180)
		at java.base/java.util.jar.JarFile.<init>(JarFile.java:346)
		... 39 more
12-Sep-2025 16:24:50.376 INFO [Catalina-utility-2] org.apache.catalina.startup.HostConfig.undeploy Undeploying context [/examples]
12-Sep-2025 16:24:50.378 WARNING [Catalina-utility-2] org.apache.catalina.loader.WebappClassLoaderBase.clearReferencesJdbc JDBC driver de-registration failed for web application [examples]
	java.lang.IllegalStateException: java.io.IOException: java.lang.reflect.InvocationTargetException
		at org.apache.catalina.webresources.AbstractSingleArchiveResourceSet.getArchiveEntry(AbstractSingleArchiveResourceSet.java:100)
		at org.apache.catalina.webresources.AbstractArchiveResourceSet.getResource(AbstractArchiveResourceSet.java:251)
		at org.apache.catalina.webresources.StandardRoot.getResourceInternal(StandardRoot.java:273)
		at org.apache.catalina.webresources.Cache.getResource(Cache.java:64)
		at org.apache.catalina.webresources.StandardRoot.getResource(StandardRoot.java:212)
		at org.apache.catalina.webresources.StandardRoot.getClassLoaderResource(StandardRoot.java:221)
		at org.apache.catalina.loader.WebappClassLoaderBase.getResourceAsStream(WebappClassLoaderBase.java:1104)
		at org.apache.catalina.loader.WebappClassLoaderBase.clearReferencesJdbc(WebappClassLoaderBase.java:1627)
		at org.apache.catalina.loader.WebappClassLoaderBase.clearReferences(WebappClassLoaderBase.java:1572)
		at org.apache.catalina.loader.WebappClassLoaderBase.stop(WebappClassLoaderBase.java:1509)
		at org.apache.catalina.loader.WebappLoader.stopInternal(WebappLoader.java:410)
		at org.apache.catalina.util.LifecycleBase.stop(LifecycleBase.java:235)
		at org.apache.catalina.core.StandardContext.stopInternal(StandardContext.java:4764)
		at org.apache.catalina.util.LifecycleBase.stop(LifecycleBase.java:235)
		at org.apache.catalina.core.ContainerBase.removeChild(ContainerBase.java:659)
		at org.apache.catalina.startup.HostConfig.undeploy(HostConfig.java:1437)
		at org.apache.catalina.startup.HostConfig.checkResources(HostConfig.java:1366)
		at org.apache.catalina.startup.HostConfig.check(HostConfig.java:1615)
		at org.apache.catalina.startup.HostConfig.lifecycleEvent(HostConfig.java:308)
		at org.apache.catalina.util.LifecycleBase.fireLifecycleEvent(LifecycleBase.java:109)
		at org.apache.catalina.core.ContainerBase.backgroundProcess(ContainerBase.java:973)
		at org.apache.catalina.core.ContainerBase$ContainerBackgroundProcessor.processChildren(ContainerBase.java:1172)
		at org.apache.catalina.core.ContainerBase$ContainerBackgroundProcessor.processChildren(ContainerBase.java:1176)
		at org.apache.catalina.core.ContainerBase$ContainerBackgroundProcessor.run(ContainerBase.java:1154)
		at java.base/java.util.concurrent.Executors$RunnableAdapter.call(Executors.java:539)
		at java.base/java.util.concurrent.FutureTask.runAndReset(FutureTask.java:305)
		at java.base/java.util.concurrent.ScheduledThreadPoolExecutor$ScheduledFutureTask.run(ScheduledThreadPoolExecutor.java:305)
		at java.base/java.util.concurrent.ThreadPoolExecutor.runWorker(ThreadPoolExecutor.java:1136)
		at java.base/java.util.concurrent.ThreadPoolExecutor$Worker.run(ThreadPoolExecutor.java:635)
		at org.apache.tomcat.util.threads.TaskThread$WrappingRunnable.run(TaskThread.java:63)
		at java.base/java.lang.Thread.run(Thread.java:840)
	Caused by: java.io.IOException: java.lang.reflect.InvocationTargetException
		at org.apache.tomcat.util.compat.Jre9Compat.jarFileNewInstance(Jre9Compat.java:208)
		at org.apache.tomcat.util.compat.Jre12Compat.jarFileNewInstance(Jre12Compat.java:33)
		at org.apache.tomcat.util.compat.JreCompat.jarFileNewInstance(JreCompat.java:302)
		at org.apache.catalina.webresources.AbstractArchiveResourceSet.openJarFile(AbstractArchiveResourceSet.java:320)
		at org.apache.catalina.webresources.AbstractSingleArchiveResourceSet.getArchiveEntry(AbstractSingleArchiveResourceSet.java:96)
		... 30 more
	Caused by: java.lang.reflect.InvocationTargetException
		at java.base/jdk.internal.reflect.GeneratedConstructorAccessor7.newInstance(Unknown Source)
		at java.base/jdk.internal.reflect.DelegatingConstructorAccessorImpl.newInstance(DelegatingConstructorAccessorImpl.java:45)
		at java.base/java.lang.reflect.Constructor.newInstanceWithCaller(Constructor.java:500)
		at java.base/java.lang.reflect.Constructor.newInstance(Constructor.java:481)
		at org.apache.tomcat.util.compat.Jre9Compat.jarFileNewInstance(Jre9Compat.java:206)
		... 34 more
	Caused by: java.nio.file.NoSuchFileException: /Users/nguyendinhtanloc/Documents/Project/WebProject/project/tomCat/webapps/examples/WEB-INF/lib/taglibs-standard-impl-1.2.5.jar
		at java.base/sun.nio.fs.UnixException.translateToIOException(UnixException.java:92)
		at java.base/sun.nio.fs.UnixException.rethrowAsIOException(UnixException.java:106)
		at java.base/sun.nio.fs.UnixException.rethrowAsIOException(UnixException.java:111)
		at java.base/sun.nio.fs.UnixFileAttributeViews$Basic.readAttributes(UnixFileAttributeViews.java:55)
		at java.base/sun.nio.fs.UnixFileSystemProvider.readAttributes(UnixFileSystemProvider.java:148)
		at java.base/java.nio.file.Files.readAttributes(Files.java:1851)
		at java.base/java.util.zip.ZipFile$Source.get(ZipFile.java:1432)
		at java.base/java.util.zip.ZipFile$CleanableResource.<init>(ZipFile.java:717)
		at java.base/java.util.zip.ZipFile.<init>(ZipFile.java:251)
		at java.base/java.util.zip.ZipFile.<init>(ZipFile.java:180)
		at java.base/java.util.jar.JarFile.<init>(JarFile.java:346)
		... 39 more
12-Sep-2025 16:24:50.885 INFO [Catalina-utility-2] org.apache.catalina.startup.HostConfig.undeploy Undeploying context [/host-manager]
12-Sep-2025 16:24:50.889 WARNING [Catalina-utility-2] org.apache.catalina.loader.WebappClassLoaderBase.clearReferencesJdbc JDBC driver de-registration failed for web application [host-manager]
	java.io.FileNotFoundException: org/apache/catalina/loader/JdbcLeakPrevention.class
		at org.apache.catalina.loader.WebappClassLoaderBase.clearReferencesJdbc(WebappClassLoaderBase.java:1629)
		at org.apache.catalina.loader.WebappClassLoaderBase.clearReferences(WebappClassLoaderBase.java:1572)
		at org.apache.catalina.loader.WebappClassLoaderBase.stop(WebappClassLoaderBase.java:1509)
		at org.apache.catalina.loader.WebappLoader.stopInternal(WebappLoader.java:410)
		at org.apache.catalina.util.LifecycleBase.stop(LifecycleBase.java:235)
		at org.apache.catalina.core.StandardContext.stopInternal(StandardContext.java:4764)
		at org.apache.catalina.util.LifecycleBase.stop(LifecycleBase.java:235)
		at org.apache.catalina.core.ContainerBase.removeChild(ContainerBase.java:659)
		at org.apache.catalina.startup.HostConfig.undeploy(HostConfig.java:1437)
		at org.apache.catalina.startup.HostConfig.checkResources(HostConfig.java:1366)
		at org.apache.catalina.startup.HostConfig.check(HostConfig.java:1615)
		at org.apache.catalina.startup.HostConfig.lifecycleEvent(HostConfig.java:308)
		at org.apache.catalina.util.LifecycleBase.fireLifecycleEvent(LifecycleBase.java:109)
		at org.apache.catalina.core.ContainerBase.backgroundProcess(ContainerBase.java:973)
		at org.apache.catalina.core.ContainerBase$ContainerBackgroundProcessor.processChildren(ContainerBase.java:1172)
		at org.apache.catalina.core.ContainerBase$ContainerBackgroundProcessor.processChildren(ContainerBase.java:1176)
		at org.apache.catalina.core.ContainerBase$ContainerBackgroundProcessor.run(ContainerBase.java:1154)
		at java.base/java.util.concurrent.Executors$RunnableAdapter.call(Executors.java:539)
		at java.base/java.util.concurrent.FutureTask.runAndReset(FutureTask.java:305)
		at java.base/java.util.concurrent.ScheduledThreadPoolExecutor$ScheduledFutureTask.run(ScheduledThreadPoolExecutor.java:305)
		at java.base/java.util.concurrent.ThreadPoolExecutor.runWorker(ThreadPoolExecutor.java:1136)
		at java.base/java.util.concurrent.ThreadPoolExecutor$Worker.run(ThreadPoolExecutor.java:635)
		at org.apache.tomcat.util.threads.TaskThread$WrappingRunnable.run(TaskThread.java:63)
		at java.base/java.lang.Thread.run(Thread.java:840)
12-Sep-2025 16:24:51.398 INFO [Catalina-utility-2] org.apache.catalina.startup.HostConfig.undeploy Undeploying context [/manager]
12-Sep-2025 16:24:51.400 WARNING [Catalina-utility-2] org.apache.catalina.loader.WebappClassLoaderBase.clearReferencesJdbc JDBC driver de-registration failed for web application [manager]
	java.io.FileNotFoundException: org/apache/catalina/loader/JdbcLeakPrevention.class
		at org.apache.catalina.loader.WebappClassLoaderBase.clearReferencesJdbc(WebappClassLoaderBase.java:1629)
		at org.apache.catalina.loader.WebappClassLoaderBase.clearReferences(WebappClassLoaderBase.java:1572)
		at org.apache.catalina.loader.WebappClassLoaderBase.stop(WebappClassLoaderBase.java:1509)
		at org.apache.catalina.loader.WebappLoader.stopInternal(WebappLoader.java:410)
		at org.apache.catalina.util.LifecycleBase.stop(LifecycleBase.java:235)
		at org.apache.catalina.core.StandardContext.stopInternal(StandardContext.java:4764)
		at org.apache.catalina.util.LifecycleBase.stop(LifecycleBase.java:235)
		at org.apache.catalina.core.ContainerBase.removeChild(ContainerBase.java:659)
		at org.apache.catalina.startup.HostConfig.undeploy(HostConfig.java:1437)
		at org.apache.catalina.startup.HostConfig.checkResources(HostConfig.java:1366)
		at org.apache.catalina.startup.HostConfig.check(HostConfig.java:1615)
		at org.apache.catalina.startup.HostConfig.lifecycleEvent(HostConfig.java:308)
		at org.apache.catalina.util.LifecycleBase.fireLifecycleEvent(LifecycleBase.java:109)
		at org.apache.catalina.core.ContainerBase.backgroundProcess(ContainerBase.java:973)
		at org.apache.catalina.core.ContainerBase$ContainerBackgroundProcessor.processChildren(ContainerBase.java:1172)
		at org.apache.catalina.core.ContainerBase$ContainerBackgroundProcessor.processChildren(ContainerBase.java:1176)
		at org.apache.catalina.core.ContainerBase$ContainerBackgroundProcessor.run(ContainerBase.java:1154)
		at java.base/java.util.concurrent.Executors$RunnableAdapter.call(Executors.java:539)
		at java.base/java.util.concurrent.FutureTask.runAndReset(FutureTask.java:305)
		at java.base/java.util.concurrent.ScheduledThreadPoolExecutor$ScheduledFutureTask.run(ScheduledThreadPoolExecutor.java:305)
		at java.base/java.util.concurrent.ThreadPoolExecutor.runWorker(ThreadPoolExecutor.java:1136)
		at java.base/java.util.concurrent.ThreadPoolExecutor$Worker.run(ThreadPoolExecutor.java:635)
		at org.apache.tomcat.util.threads.TaskThread$WrappingRunnable.run(TaskThread.java:63)
		at java.base/java.lang.Thread.run(Thread.java:840)
12-Sep-2025 16:24:51.908 INFO [Catalina-utility-2] org.apache.catalina.startup.HostConfig.undeploy Undeploying context [/docs]
12-Sep-2025 16:24:51.909 WARNING [Catalina-utility-2] org.apache.catalina.loader.WebappClassLoaderBase.clearReferencesJdbc JDBC driver de-registration failed for web application [docs]
	java.io.FileNotFoundException: org/apache/catalina/loader/JdbcLeakPrevention.class
		at org.apache.catalina.loader.WebappClassLoaderBase.clearReferencesJdbc(WebappClassLoaderBase.java:1629)
		at org.apache.catalina.loader.WebappClassLoaderBase.clearReferences(WebappClassLoaderBase.java:1572)
		at org.apache.catalina.loader.WebappClassLoaderBase.stop(WebappClassLoaderBase.java:1509)
		at org.apache.catalina.loader.WebappLoader.stopInternal(WebappLoader.java:410)
		at org.apache.catalina.util.LifecycleBase.stop(LifecycleBase.java:235)
		at org.apache.catalina.core.StandardContext.stopInternal(StandardContext.java:4764)
		at org.apache.catalina.util.LifecycleBase.stop(LifecycleBase.java:235)
		at org.apache.catalina.core.ContainerBase.removeChild(ContainerBase.java:659)
		at org.apache.catalina.startup.HostConfig.undeploy(HostConfig.java:1437)
		at org.apache.catalina.startup.HostConfig.checkResources(HostConfig.java:1366)
		at org.apache.catalina.startup.HostConfig.check(HostConfig.java:1615)
		at org.apache.catalina.startup.HostConfig.lifecycleEvent(HostConfig.java:308)
		at org.apache.catalina.util.LifecycleBase.fireLifecycleEvent(LifecycleBase.java:109)
		at org.apache.catalina.core.ContainerBase.backgroundProcess(ContainerBase.java:973)
		at org.apache.catalina.core.ContainerBase$ContainerBackgroundProcessor.processChildren(ContainerBase.java:1172)
		at org.apache.catalina.core.ContainerBase$ContainerBackgroundProcessor.processChildren(ContainerBase.java:1176)
		at org.apache.catalina.core.ContainerBase$ContainerBackgroundProcessor.run(ContainerBase.java:1154)
		at java.base/java.util.concurrent.Executors$RunnableAdapter.call(Executors.java:539)
		at java.base/java.util.concurrent.FutureTask.runAndReset(FutureTask.java:305)
		at java.base/java.util.concurrent.ScheduledThreadPoolExecutor$ScheduledFutureTask.run(ScheduledThreadPoolExecutor.java:305)
		at java.base/java.util.concurrent.ThreadPoolExecutor.runWorker(ThreadPoolExecutor.java:1136)
		at java.base/java.util.concurrent.ThreadPoolExecutor$Worker.run(ThreadPoolExecutor.java:635)
		at org.apache.tomcat.util.threads.TaskThread$WrappingRunnable.run(TaskThread.java:63)
		at java.base/java.lang.Thread.run(Thread.java:840)
NOTE: Picked up JDK_JAVA_OPTIONS:  --add-opens=java.base/java.lang=ALL-UNNAMED --add-opens=java.base/java.lang.invoke=ALL-UNNAMED --add-opens=java.base/java.lang.reflect=ALL-UNNAMED --add-opens=java.base/java.io=ALL-UNNAMED --add-opens=java.base/java.util=ALL-UNNAMED --add-opens=java.base/java.util.concurrent=ALL-UNNAMED --add-opens=java.rmi/sun.rmi.transport=ALL-UNNAMED
12-Sep-2025 16:42:39.265 INFO [main] org.apache.catalina.startup.VersionLoggerListener.log Server version name:   Apache Tomcat/9.0.108
12-Sep-2025 16:42:39.267 INFO [main] org.apache.catalina.startup.VersionLoggerListener.log Server built:          Jul 31 2025 18:19:48 UTC
12-Sep-2025 16:42:39.267 INFO [main] org.apache.catalina.startup.VersionLoggerListener.log Server version number: 9.0.108.0
12-Sep-2025 16:42:39.267 INFO [main] org.apache.catalina.startup.VersionLoggerListener.log OS Name:               Mac OS X
12-Sep-2025 16:42:39.267 INFO [main] org.apache.catalina.startup.VersionLoggerListener.log OS Version:            15.6.1
12-Sep-2025 16:42:39.268 INFO [main] org.apache.catalina.startup.VersionLoggerListener.log Architecture:          aarch64
12-Sep-2025 16:42:39.268 INFO [main] org.apache.catalina.startup.VersionLoggerListener.log Java Home:             /opt/homebrew/Cellar/openjdk@17/17.0.15/libexec/openjdk.jdk/Contents/Home
12-Sep-2025 16:42:39.268 INFO [main] org.apache.catalina.startup.VersionLoggerListener.log JVM Version:           17.0.15+0
12-Sep-2025 16:42:39.268 INFO [main] org.apache.catalina.startup.VersionLoggerListener.log JVM Vendor:            Homebrew
12-Sep-2025 16:42:39.268 INFO [main] org.apache.catalina.startup.VersionLoggerListener.log CATALINA_BASE:         /Users/nguyendinhtanloc/Documents/Project/WebProject/tomCat
12-Sep-2025 16:42:39.268 INFO [main] org.apache.catalina.startup.VersionLoggerListener.log CATALINA_HOME:         /Users/nguyendinhtanloc/Documents/Project/WebProject/tomCat
12-Sep-2025 16:42:39.276 INFO [main] org.apache.catalina.startup.VersionLoggerListener.log Command line argument: --add-opens=java.base/java.lang=ALL-UNNAMED
12-Sep-2025 16:42:39.276 INFO [main] org.apache.catalina.startup.VersionLoggerListener.log Command line argument: --add-opens=java.base/java.lang.invoke=ALL-UNNAMED
12-Sep-2025 16:42:39.276 INFO [main] org.apache.catalina.startup.VersionLoggerListener.log Command line argument: --add-opens=java.base/java.lang.reflect=ALL-UNNAMED
12-Sep-2025 16:42:39.276 INFO [main] org.apache.catalina.startup.VersionLoggerListener.log Command line argument: --add-opens=java.base/java.io=ALL-UNNAMED
12-Sep-2025 16:42:39.276 INFO [main] org.apache.catalina.startup.VersionLoggerListener.log Command line argument: --add-opens=java.base/java.util=ALL-UNNAMED
12-Sep-2025 16:42:39.276 INFO [main] org.apache.catalina.startup.VersionLoggerListener.log Command line argument: --add-opens=java.base/java.util.concurrent=ALL-UNNAMED
12-Sep-2025 16:42:39.276 INFO [main] org.apache.catalina.startup.VersionLoggerListener.log Command line argument: --add-opens=java.rmi/sun.rmi.transport=ALL-UNNAMED
12-Sep-2025 16:42:39.276 INFO [main] org.apache.catalina.startup.VersionLoggerListener.log Command line argument: -Djava.util.logging.config.file=/Users/nguyendinhtanloc/Documents/Project/WebProject/tomCat/conf/logging.properties
12-Sep-2025 16:42:39.276 INFO [main] org.apache.catalina.startup.VersionLoggerListener.log Command line argument: -Djava.util.logging.manager=org.apache.juli.ClassLoaderLogManager
12-Sep-2025 16:42:39.276 INFO [main] org.apache.catalina.startup.VersionLoggerListener.log Command line argument: -Djdk.tls.ephemeralDHKeySize=2048
12-Sep-2025 16:42:39.276 INFO [main] org.apache.catalina.startup.VersionLoggerListener.log Command line argument: -Djava.protocol.handler.pkgs=org.apache.catalina.webresources
12-Sep-2025 16:42:39.276 INFO [main] org.apache.catalina.startup.VersionLoggerListener.log Command line argument: -Dsun.io.useCanonCaches=false
12-Sep-2025 16:42:39.276 INFO [main] org.apache.catalina.startup.VersionLoggerListener.log Command line argument: -Dorg.apache.catalina.security.SecurityListener.UMASK=0027
12-Sep-2025 16:42:39.276 INFO [main] org.apache.catalina.startup.VersionLoggerListener.log Command line argument: -Dignore.endorsed.dirs=
12-Sep-2025 16:42:39.276 INFO [main] org.apache.catalina.startup.VersionLoggerListener.log Command line argument: -Dcatalina.base=/Users/nguyendinhtanloc/Documents/Project/WebProject/tomCat
12-Sep-2025 16:42:39.276 INFO [main] org.apache.catalina.startup.VersionLoggerListener.log Command line argument: -Dcatalina.home=/Users/nguyendinhtanloc/Documents/Project/WebProject/tomCat
12-Sep-2025 16:42:39.276 INFO [main] org.apache.catalina.startup.VersionLoggerListener.log Command line argument: -Djava.io.tmpdir=/Users/nguyendinhtanloc/Documents/Project/WebProject/tomCat/temp
12-Sep-2025 16:42:39.283 INFO [main] org.apache.catalina.core.AprLifecycleListener.lifecycleEvent The Apache Tomcat Native library which allows using OpenSSL was not found on the java.library.path: [/Users/nguyendinhtanloc/Library/Java/Extensions:/Library/Java/Extensions:/Network/Library/Java/Extensions:/System/Library/Java/Extensions:/usr/lib/java:.]
12-Sep-2025 16:42:39.422 INFO [main] org.apache.coyote.AbstractProtocol.init Initializing ProtocolHandler ["http-nio-8080"]
12-Sep-2025 16:42:39.430 SEVERE [main] org.apache.catalina.util.LifecycleBase.handleSubClassException Failed to initialize component [Connector["http-nio-8080"]]
	org.apache.catalina.LifecycleException: Protocol handler initialization failed
		at org.apache.catalina.connector.Connector.initInternal(Connector.java:1072)
		at org.apache.catalina.util.LifecycleBase.init(LifecycleBase.java:122)
		at org.apache.catalina.core.StandardService.initInternal(StandardService.java:522)
		at org.apache.catalina.util.LifecycleBase.init(LifecycleBase.java:122)
		at org.apache.catalina.core.StandardServer.initInternal(StandardServer.java:986)
		at org.apache.catalina.util.LifecycleBase.init(LifecycleBase.java:122)
		at org.apache.catalina.startup.Catalina.load(Catalina.java:690)
		at org.apache.catalina.startup.Catalina.load(Catalina.java:713)
		at java.base/jdk.internal.reflect.NativeMethodAccessorImpl.invoke0(Native Method)
		at java.base/jdk.internal.reflect.NativeMethodAccessorImpl.invoke(NativeMethodAccessorImpl.java:77)
		at java.base/jdk.internal.reflect.DelegatingMethodAccessorImpl.invoke(DelegatingMethodAccessorImpl.java:43)
		at java.base/java.lang.reflect.Method.invoke(Method.java:569)
		at org.apache.catalina.startup.Bootstrap.load(Bootstrap.java:302)
		at org.apache.catalina.startup.Bootstrap.main(Bootstrap.java:475)
	Caused by: java.net.BindException: Address already in use
		at java.base/sun.nio.ch.Net.bind0(Native Method)
		at java.base/sun.nio.ch.Net.bind(Net.java:555)
		at java.base/sun.nio.ch.ServerSocketChannelImpl.netBind(ServerSocketChannelImpl.java:337)
		at java.base/sun.nio.ch.ServerSocketChannelImpl.bind(ServerSocketChannelImpl.java:294)
		at org.apache.tomcat.util.net.NioEndpoint.initServerSocket(NioEndpoint.java:298)
		at org.apache.tomcat.util.net.NioEndpoint.bind(NioEndpoint.java:253)
		at org.apache.tomcat.util.net.AbstractEndpoint.bindWithCleanup(AbstractEndpoint.java:1465)
		at org.apache.tomcat.util.net.AbstractEndpoint.init(AbstractEndpoint.java:1478)
		at org.apache.coyote.AbstractProtocol.init(AbstractProtocol.java:663)
		at org.apache.coyote.http11.AbstractHttp11Protocol.init(AbstractHttp11Protocol.java:80)
		at org.apache.catalina.connector.Connector.initInternal(Connector.java:1070)
		... 13 more
12-Sep-2025 16:42:39.431 INFO [main] org.apache.catalina.startup.Catalina.load Server initialization in [260] milliseconds
12-Sep-2025 16:42:39.447 INFO [main] org.apache.catalina.core.StandardService.startInternal Starting service [Catalina]
12-Sep-2025 16:42:39.447 INFO [main] org.apache.catalina.core.StandardEngine.startInternal Starting Servlet engine: [Apache Tomcat/9.0.108]
12-Sep-2025 16:42:39.452 INFO [main] org.apache.catalina.startup.HostConfig.deployWAR Deploying web application archive [/Users/nguyendinhtanloc/Documents/Project/WebProject/tomCat/webapps/BusBooking.war]
12-Sep-2025 16:42:39.863 INFO [main] org.apache.jasper.servlet.TldScanner.scanJars At least one JAR was scanned for TLDs yet contained no TLDs. Enable debug logging for this logger for a complete list of JARs that were scanned but no TLDs were found in them. Skipping unneeded JARs during scanning can improve startup time and JSP compilation time.
12-Sep-2025 16:42:39.878 INFO [main] org.apache.catalina.startup.HostConfig.deployWAR Deployment of web application archive [/Users/nguyendinhtanloc/Documents/Project/WebProject/tomCat/webapps/BusBooking.war] has finished in [426] ms
12-Sep-2025 16:42:39.878 INFO [main] org.apache.catalina.startup.HostConfig.deployDirectory Deploying web application directory [/Users/nguyendinhtanloc/Documents/Project/WebProject/tomCat/webapps/docs]
12-Sep-2025 16:42:39.886 INFO [main] org.apache.catalina.startup.HostConfig.deployDirectory Deployment of web application directory [/Users/nguyendinhtanloc/Documents/Project/WebProject/tomCat/webapps/docs] has finished in [8] ms
12-Sep-2025 16:42:39.886 INFO [main] org.apache.catalina.startup.HostConfig.deployDirectory Deploying web application directory [/Users/nguyendinhtanloc/Documents/Project/WebProject/tomCat/webapps/manager]
12-Sep-2025 16:42:39.909 INFO [main] org.apache.catalina.startup.HostConfig.deployDirectory Deployment of web application directory [/Users/nguyendinhtanloc/Documents/Project/WebProject/tomCat/webapps/manager] has finished in [23] ms
12-Sep-2025 16:42:39.909 INFO [main] org.apache.catalina.startup.HostConfig.deployDirectory Deploying web application directory [/Users/nguyendinhtanloc/Documents/Project/WebProject/tomCat/webapps/examples]
12-Sep-2025 16:42:39.992 INFO [main] org.apache.catalina.startup.HostConfig.deployDirectory Deployment of web application directory [/Users/nguyendinhtanloc/Documents/Project/WebProject/tomCat/webapps/examples] has finished in [83] ms
12-Sep-2025 16:42:39.992 INFO [main] org.apache.catalina.startup.HostConfig.deployDirectory Deploying web application directory [/Users/nguyendinhtanloc/Documents/Project/WebProject/tomCat/webapps/ROOT]
12-Sep-2025 16:42:39.998 INFO [main] org.apache.catalina.startup.HostConfig.deployDirectory Deployment of web application directory [/Users/nguyendinhtanloc/Documents/Project/WebProject/tomCat/webapps/ROOT] has finished in [6] ms
12-Sep-2025 16:42:39.998 INFO [main] org.apache.catalina.startup.HostConfig.deployDirectory Deploying web application directory [/Users/nguyendinhtanloc/Documents/Project/WebProject/tomCat/webapps/host-manager]
12-Sep-2025 16:42:40.005 INFO [main] org.apache.catalina.startup.HostConfig.deployDirectory Deployment of web application directory [/Users/nguyendinhtanloc/Documents/Project/WebProject/tomCat/webapps/host-manager] has finished in [7] ms
12-Sep-2025 16:42:40.006 INFO [main] org.apache.catalina.startup.Catalina.start Server startup in [575] milliseconds
12-Sep-2025 16:42:40.008 SEVERE [main] org.apache.catalina.core.StandardServer.await Failed to create server shutdown socket on address [localhost] and port [8005] (base port [8005] and offset [0])
	java.net.BindException: Address already in use
		at java.base/sun.nio.ch.Net.bind0(Native Method)
		at java.base/sun.nio.ch.Net.bind(Net.java:555)
		at java.base/sun.nio.ch.Net.bind(Net.java:544)
		at java.base/sun.nio.ch.NioSocketImpl.bind(NioSocketImpl.java:648)
		at java.base/java.net.ServerSocket.bind(ServerSocket.java:388)
		at java.base/java.net.ServerSocket.<init>(ServerSocket.java:274)
		at org.apache.catalina.core.StandardServer.await(StandardServer.java:537)
		at org.apache.catalina.startup.Catalina.await(Catalina.java:829)
		at org.apache.catalina.startup.Catalina.start(Catalina.java:777)
		at java.base/jdk.internal.reflect.NativeMethodAccessorImpl.invoke0(Native Method)
		at java.base/jdk.internal.reflect.NativeMethodAccessorImpl.invoke(NativeMethodAccessorImpl.java:77)
		at java.base/jdk.internal.reflect.DelegatingMethodAccessorImpl.invoke(DelegatingMethodAccessorImpl.java:43)
		at java.base/java.lang.reflect.Method.invoke(Method.java:569)
		at org.apache.catalina.startup.Bootstrap.start(Bootstrap.java:345)
		at org.apache.catalina.startup.Bootstrap.main(Bootstrap.java:476)
12-Sep-2025 16:42:40.008 INFO [main] org.apache.coyote.AbstractProtocol.pause Pausing ProtocolHandler ["http-nio-8080"]
12-Sep-2025 16:42:40.009 INFO [main] org.apache.catalina.core.StandardService.stopInternal Stopping service [Catalina]
12-Sep-2025 16:42:40.019 INFO [main] org.apache.coyote.AbstractProtocol.stop Stopping ProtocolHandler ["http-nio-8080"]
12-Sep-2025 16:42:40.020 INFO [main] org.apache.coyote.AbstractProtocol.destroy Destroying ProtocolHandler ["http-nio-8080"]
12-Sep-2025 16:42:41.239 INFO [main] org.apache.catalina.core.StandardServer.await A valid shutdown command was received via the shutdown port. Stopping the Server instance.
12-Sep-2025 16:42:41.240 INFO [main] org.apache.coyote.AbstractProtocol.pause Pausing ProtocolHandler ["http-nio-8080"]
12-Sep-2025 16:42:41.244 INFO [main] org.apache.catalina.core.StandardService.stopInternal Stopping service [Catalina]
12-Sep-2025 16:42:41.245 INFO [main] org.apache.coyote.AbstractProtocol.stop Stopping ProtocolHandler ["http-nio-8080"]
12-Sep-2025 16:42:41.248 INFO [main] org.apache.coyote.AbstractProtocol.destroy Destroying ProtocolHandler ["http-nio-8080"]
NOTE: Picked up JDK_JAVA_OPTIONS:  --add-opens=java.base/java.lang=ALL-UNNAMED --add-opens=java.base/java.lang.invoke=ALL-UNNAMED --add-opens=java.base/java.lang.reflect=ALL-UNNAMED --add-opens=java.base/java.io=ALL-UNNAMED --add-opens=java.base/java.util=ALL-UNNAMED --add-opens=java.base/java.util.concurrent=ALL-UNNAMED --add-opens=java.rmi/sun.rmi.transport=ALL-UNNAMED
12-Sep-2025 16:42:42.731 INFO [main] org.apache.catalina.startup.VersionLoggerListener.log Server version name:   Apache Tomcat/9.0.108
12-Sep-2025 16:42:42.733 INFO [main] org.apache.catalina.startup.VersionLoggerListener.log Server built:          Jul 31 2025 18:19:48 UTC
12-Sep-2025 16:42:42.733 INFO [main] org.apache.catalina.startup.VersionLoggerListener.log Server version number: 9.0.108.0
12-Sep-2025 16:42:42.733 INFO [main] org.apache.catalina.startup.VersionLoggerListener.log OS Name:               Mac OS X
12-Sep-2025 16:42:42.733 INFO [main] org.apache.catalina.startup.VersionLoggerListener.log OS Version:            15.6.1
12-Sep-2025 16:42:42.733 INFO [main] org.apache.catalina.startup.VersionLoggerListener.log Architecture:          aarch64
12-Sep-2025 16:42:42.733 INFO [main] org.apache.catalina.startup.VersionLoggerListener.log Java Home:             /opt/homebrew/Cellar/openjdk@17/17.0.15/libexec/openjdk.jdk/Contents/Home
12-Sep-2025 16:42:42.733 INFO [main] org.apache.catalina.startup.VersionLoggerListener.log JVM Version:           17.0.15+0
12-Sep-2025 16:42:42.733 INFO [main] org.apache.catalina.startup.VersionLoggerListener.log JVM Vendor:            Homebrew
12-Sep-2025 16:42:42.733 INFO [main] org.apache.catalina.startup.VersionLoggerListener.log CATALINA_BASE:         /Users/nguyendinhtanloc/Documents/Project/WebProject/tomCat
12-Sep-2025 16:42:42.733 INFO [main] org.apache.catalina.startup.VersionLoggerListener.log CATALINA_HOME:         /Users/nguyendinhtanloc/Documents/Project/WebProject/tomCat
12-Sep-2025 16:42:42.737 INFO [main] org.apache.catalina.startup.VersionLoggerListener.log Command line argument: --add-opens=java.base/java.lang=ALL-UNNAMED
12-Sep-2025 16:42:42.737 INFO [main] org.apache.catalina.startup.VersionLoggerListener.log Command line argument: --add-opens=java.base/java.lang.invoke=ALL-UNNAMED
12-Sep-2025 16:42:42.738 INFO [main] org.apache.catalina.startup.VersionLoggerListener.log Command line argument: --add-opens=java.base/java.lang.reflect=ALL-UNNAMED
12-Sep-2025 16:42:42.738 INFO [main] org.apache.catalina.startup.VersionLoggerListener.log Command line argument: --add-opens=java.base/java.io=ALL-UNNAMED
12-Sep-2025 16:42:42.738 INFO [main] org.apache.catalina.startup.VersionLoggerListener.log Command line argument: --add-opens=java.base/java.util=ALL-UNNAMED
12-Sep-2025 16:42:42.738 INFO [main] org.apache.catalina.startup.VersionLoggerListener.log Command line argument: --add-opens=java.base/java.util.concurrent=ALL-UNNAMED
12-Sep-2025 16:42:42.738 INFO [main] org.apache.catalina.startup.VersionLoggerListener.log Command line argument: --add-opens=java.rmi/sun.rmi.transport=ALL-UNNAMED
12-Sep-2025 16:42:42.738 INFO [main] org.apache.catalina.startup.VersionLoggerListener.log Command line argument: -Djava.util.logging.config.file=/Users/nguyendinhtanloc/Documents/Project/WebProject/tomCat/conf/logging.properties
12-Sep-2025 16:42:42.738 INFO [main] org.apache.catalina.startup.VersionLoggerListener.log Command line argument: -Djava.util.logging.manager=org.apache.juli.ClassLoaderLogManager
12-Sep-2025 16:42:42.738 INFO [main] org.apache.catalina.startup.VersionLoggerListener.log Command line argument: -Djdk.tls.ephemeralDHKeySize=2048
12-Sep-2025 16:42:42.738 INFO [main] org.apache.catalina.startup.VersionLoggerListener.log Command line argument: -Djava.protocol.handler.pkgs=org.apache.catalina.webresources
12-Sep-2025 16:42:42.738 INFO [main] org.apache.catalina.startup.VersionLoggerListener.log Command line argument: -Dsun.io.useCanonCaches=false
12-Sep-2025 16:42:42.738 INFO [main] org.apache.catalina.startup.VersionLoggerListener.log Command line argument: -Dorg.apache.catalina.security.SecurityListener.UMASK=0027
12-Sep-2025 16:42:42.738 INFO [main] org.apache.catalina.startup.VersionLoggerListener.log Command line argument: -Dignore.endorsed.dirs=
12-Sep-2025 16:42:42.738 INFO [main] org.apache.catalina.startup.VersionLoggerListener.log Command line argument: -Dcatalina.base=/Users/nguyendinhtanloc/Documents/Project/WebProject/tomCat
12-Sep-2025 16:42:42.738 INFO [main] org.apache.catalina.startup.VersionLoggerListener.log Command line argument: -Dcatalina.home=/Users/nguyendinhtanloc/Documents/Project/WebProject/tomCat
12-Sep-2025 16:42:42.738 INFO [main] org.apache.catalina.startup.VersionLoggerListener.log Command line argument: -Djava.io.tmpdir=/Users/nguyendinhtanloc/Documents/Project/WebProject/tomCat/temp
12-Sep-2025 16:42:42.743 INFO [main] org.apache.catalina.core.AprLifecycleListener.lifecycleEvent The Apache Tomcat Native library which allows using OpenSSL was not found on the java.library.path: [/Users/nguyendinhtanloc/Library/Java/Extensions:/Library/Java/Extensions:/Network/Library/Java/Extensions:/System/Library/Java/Extensions:/usr/lib/java:.]
12-Sep-2025 16:42:42.870 INFO [main] org.apache.coyote.AbstractProtocol.init Initializing ProtocolHandler ["http-nio-8080"]
12-Sep-2025 16:42:42.881 INFO [main] org.apache.catalina.startup.Catalina.load Server initialization in [224] milliseconds
12-Sep-2025 16:42:42.894 INFO [main] org.apache.catalina.core.StandardService.startInternal Starting service [Catalina]
12-Sep-2025 16:42:42.894 INFO [main] org.apache.catalina.core.StandardEngine.startInternal Starting Servlet engine: [Apache Tomcat/9.0.108]
12-Sep-2025 16:42:42.899 INFO [main] org.apache.catalina.startup.HostConfig.deployWAR Deploying web application archive [/Users/nguyendinhtanloc/Documents/Project/WebProject/tomCat/webapps/BusBooking.war]
12-Sep-2025 16:42:43.287 INFO [main] org.apache.jasper.servlet.TldScanner.scanJars At least one JAR was scanned for TLDs yet contained no TLDs. Enable debug logging for this logger for a complete list of JARs that were scanned but no TLDs were found in them. Skipping unneeded JARs during scanning can improve startup time and JSP compilation time.
12-Sep-2025 16:42:43.302 INFO [main] org.apache.catalina.startup.HostConfig.deployWAR Deployment of web application archive [/Users/nguyendinhtanloc/Documents/Project/WebProject/tomCat/webapps/BusBooking.war] has finished in [402] ms
12-Sep-2025 16:42:43.302 INFO [main] org.apache.catalina.startup.HostConfig.deployDirectory Deploying web application directory [/Users/nguyendinhtanloc/Documents/Project/WebProject/tomCat/webapps/docs]
12-Sep-2025 16:42:43.310 INFO [main] org.apache.catalina.startup.HostConfig.deployDirectory Deployment of web application directory [/Users/nguyendinhtanloc/Documents/Project/WebProject/tomCat/webapps/docs] has finished in [8] ms
12-Sep-2025 16:42:43.310 INFO [main] org.apache.catalina.startup.HostConfig.deployDirectory Deploying web application directory [/Users/nguyendinhtanloc/Documents/Project/WebProject/tomCat/webapps/manager]
12-Sep-2025 16:42:43.320 INFO [main] org.apache.catalina.startup.HostConfig.deployDirectory Deployment of web application directory [/Users/nguyendinhtanloc/Documents/Project/WebProject/tomCat/webapps/manager] has finished in [10] ms
12-Sep-2025 16:42:43.321 INFO [main] org.apache.catalina.startup.HostConfig.deployDirectory Deploying web application directory [/Users/nguyendinhtanloc/Documents/Project/WebProject/tomCat/webapps/examples]
12-Sep-2025 16:42:43.381 INFO [main] org.apache.catalina.startup.HostConfig.deployDirectory Deployment of web application directory [/Users/nguyendinhtanloc/Documents/Project/WebProject/tomCat/webapps/examples] has finished in [60] ms
12-Sep-2025 16:42:43.381 INFO [main] org.apache.catalina.startup.HostConfig.deployDirectory Deploying web application directory [/Users/nguyendinhtanloc/Documents/Project/WebProject/tomCat/webapps/ROOT]
12-Sep-2025 16:42:43.387 INFO [main] org.apache.catalina.startup.HostConfig.deployDirectory Deployment of web application directory [/Users/nguyendinhtanloc/Documents/Project/WebProject/tomCat/webapps/ROOT] has finished in [6] ms
12-Sep-2025 16:42:43.387 INFO [main] org.apache.catalina.startup.HostConfig.deployDirectory Deploying web application directory [/Users/nguyendinhtanloc/Documents/Project/WebProject/tomCat/webapps/host-manager]
12-Sep-2025 16:42:43.393 INFO [main] org.apache.catalina.startup.HostConfig.deployDirectory Deployment of web application directory [/Users/nguyendinhtanloc/Documents/Project/WebProject/tomCat/webapps/host-manager] has finished in [6] ms
12-Sep-2025 16:42:43.395 INFO [main] org.apache.coyote.AbstractProtocol.start Starting ProtocolHandler ["http-nio-8080"]
12-Sep-2025 16:42:43.399 INFO [main] org.apache.catalina.startup.Catalina.start Server startup in [518] milliseconds
12-Sep-2025 16:59:38.781 INFO [main] org.apache.catalina.core.StandardServer.await A valid shutdown command was received via the shutdown port. Stopping the Server instance.
12-Sep-2025 16:59:38.784 INFO [main] org.apache.coyote.AbstractProtocol.pause Pausing ProtocolHandler ["http-nio-8080"]
12-Sep-2025 16:59:38.787 INFO [main] org.apache.catalina.core.StandardService.stopInternal Stopping service [Catalina]
12-Sep-2025 16:59:38.815 INFO [main] org.apache.coyote.AbstractProtocol.stop Stopping ProtocolHandler ["http-nio-8080"]
12-Sep-2025 16:59:38.824 INFO [main] org.apache.coyote.AbstractProtocol.destroy Destroying ProtocolHandler ["http-nio-8080"]
NOTE: Picked up JDK_JAVA_OPTIONS:  --add-opens=java.base/java.lang=ALL-UNNAMED --add-opens=java.base/java.lang.invoke=ALL-UNNAMED --add-opens=java.base/java.lang.reflect=ALL-UNNAMED --add-opens=java.base/java.io=ALL-UNNAMED --add-opens=java.base/java.util=ALL-UNNAMED --add-opens=java.base/java.util.concurrent=ALL-UNNAMED --add-opens=java.rmi/sun.rmi.transport=ALL-UNNAMED
12-Sep-2025 17:04:38.434 INFO [main] org.apache.catalina.startup.VersionLoggerListener.log Server version name:   Apache Tomcat/9.0.108
12-Sep-2025 17:04:38.436 INFO [main] org.apache.catalina.startup.VersionLoggerListener.log Server built:          Jul 31 2025 18:19:48 UTC
12-Sep-2025 17:04:38.436 INFO [main] org.apache.catalina.startup.VersionLoggerListener.log Server version number: 9.0.108.0
12-Sep-2025 17:04:38.436 INFO [main] org.apache.catalina.startup.VersionLoggerListener.log OS Name:               Mac OS X
12-Sep-2025 17:04:38.436 INFO [main] org.apache.catalina.startup.VersionLoggerListener.log OS Version:            15.6.1
12-Sep-2025 17:04:38.436 INFO [main] org.apache.catalina.startup.VersionLoggerListener.log Architecture:          aarch64
12-Sep-2025 17:04:38.436 INFO [main] org.apache.catalina.startup.VersionLoggerListener.log Java Home:             /opt/homebrew/Cellar/openjdk@17/17.0.15/libexec/openjdk.jdk/Contents/Home
12-Sep-2025 17:04:38.436 INFO [main] org.apache.catalina.startup.VersionLoggerListener.log JVM Version:           17.0.15+0
12-Sep-2025 17:04:38.436 INFO [main] org.apache.catalina.startup.VersionLoggerListener.log JVM Vendor:            Homebrew
12-Sep-2025 17:04:38.436 INFO [main] org.apache.catalina.startup.VersionLoggerListener.log CATALINA_BASE:         /Users/nguyendinhtanloc/Documents/Project/WebProject/tomCat
12-Sep-2025 17:04:38.436 INFO [main] org.apache.catalina.startup.VersionLoggerListener.log CATALINA_HOME:         /Users/nguyendinhtanloc/Documents/Project/WebProject/tomCat
12-Sep-2025 17:04:38.443 INFO [main] org.apache.catalina.startup.VersionLoggerListener.log Command line argument: --add-opens=java.base/java.lang=ALL-UNNAMED
12-Sep-2025 17:04:38.444 INFO [main] org.apache.catalina.startup.VersionLoggerListener.log Command line argument: --add-opens=java.base/java.lang.invoke=ALL-UNNAMED
12-Sep-2025 17:04:38.444 INFO [main] org.apache.catalina.startup.VersionLoggerListener.log Command line argument: --add-opens=java.base/java.lang.reflect=ALL-UNNAMED
12-Sep-2025 17:04:38.444 INFO [main] org.apache.catalina.startup.VersionLoggerListener.log Command line argument: --add-opens=java.base/java.io=ALL-UNNAMED
12-Sep-2025 17:04:38.444 INFO [main] org.apache.catalina.startup.VersionLoggerListener.log Command line argument: --add-opens=java.base/java.util=ALL-UNNAMED
12-Sep-2025 17:04:38.444 INFO [main] org.apache.catalina.startup.VersionLoggerListener.log Command line argument: --add-opens=java.base/java.util.concurrent=ALL-UNNAMED
12-Sep-2025 17:04:38.444 INFO [main] org.apache.catalina.startup.VersionLoggerListener.log Command line argument: --add-opens=java.rmi/sun.rmi.transport=ALL-UNNAMED
12-Sep-2025 17:04:38.444 INFO [main] org.apache.catalina.startup.VersionLoggerListener.log Command line argument: -Djava.util.logging.config.file=/Users/nguyendinhtanloc/Documents/Project/WebProject/tomCat/conf/logging.properties
12-Sep-2025 17:04:38.444 INFO [main] org.apache.catalina.startup.VersionLoggerListener.log Command line argument: -Djava.util.logging.manager=org.apache.juli.ClassLoaderLogManager
12-Sep-2025 17:04:38.444 INFO [main] org.apache.catalina.startup.VersionLoggerListener.log Command line argument: -Djdk.tls.ephemeralDHKeySize=2048
12-Sep-2025 17:04:38.444 INFO [main] org.apache.catalina.startup.VersionLoggerListener.log Command line argument: -Djava.protocol.handler.pkgs=org.apache.catalina.webresources
12-Sep-2025 17:04:38.444 INFO [main] org.apache.catalina.startup.VersionLoggerListener.log Command line argument: -Dsun.io.useCanonCaches=false
12-Sep-2025 17:04:38.444 INFO [main] org.apache.catalina.startup.VersionLoggerListener.log Command line argument: -Dorg.apache.catalina.security.SecurityListener.UMASK=0027
12-Sep-2025 17:04:38.444 INFO [main] org.apache.catalina.startup.VersionLoggerListener.log Command line argument: -Dignore.endorsed.dirs=
12-Sep-2025 17:04:38.444 INFO [main] org.apache.catalina.startup.VersionLoggerListener.log Command line argument: -Dcatalina.base=/Users/nguyendinhtanloc/Documents/Project/WebProject/tomCat
12-Sep-2025 17:04:38.444 INFO [main] org.apache.catalina.startup.VersionLoggerListener.log Command line argument: -Dcatalina.home=/Users/nguyendinhtanloc/Documents/Project/WebProject/tomCat
12-Sep-2025 17:04:38.444 INFO [main] org.apache.catalina.startup.VersionLoggerListener.log Command line argument: -Djava.io.tmpdir=/Users/nguyendinhtanloc/Documents/Project/WebProject/tomCat/temp
12-Sep-2025 17:04:38.449 INFO [main] org.apache.catalina.core.AprLifecycleListener.lifecycleEvent The Apache Tomcat Native library which allows using OpenSSL was not found on the java.library.path: [/Users/nguyendinhtanloc/Library/Java/Extensions:/Library/Java/Extensions:/Network/Library/Java/Extensions:/System/Library/Java/Extensions:/usr/lib/java:.]
12-Sep-2025 17:04:38.584 INFO [main] org.apache.coyote.AbstractProtocol.init Initializing ProtocolHandler ["http-nio-8080"]
12-Sep-2025 17:04:38.598 INFO [main] org.apache.catalina.startup.Catalina.load Server initialization in [248] milliseconds
12-Sep-2025 17:04:38.615 INFO [main] org.apache.catalina.core.StandardService.startInternal Starting service [Catalina]
12-Sep-2025 17:04:38.616 INFO [main] org.apache.catalina.core.StandardEngine.startInternal Starting Servlet engine: [Apache Tomcat/9.0.108]
12-Sep-2025 17:04:38.621 INFO [main] org.apache.catalina.startup.HostConfig.deployWAR Deploying web application archive [/Users/nguyendinhtanloc/Documents/Project/WebProject/tomCat/webapps/BusBooking.war]
12-Sep-2025 17:04:38.627 INFO [main] org.apache.catalina.startup.ExpandWar.expand An expanded directory [/Users/nguyendinhtanloc/Documents/Project/WebProject/tomCat/webapps/BusBooking] was found with a last modified time that did not match the associated WAR. It will be deleted.
12-Sep-2025 17:04:39.025 INFO [main] org.apache.jasper.servlet.TldScanner.scanJars At least one JAR was scanned for TLDs yet contained no TLDs. Enable debug logging for this logger for a complete list of JARs that were scanned but no TLDs were found in them. Skipping unneeded JARs during scanning can improve startup time and JSP compilation time.
12-Sep-2025 17:04:39.046 INFO [main] org.apache.catalina.startup.HostConfig.deployWAR Deployment of web application archive [/Users/nguyendinhtanloc/Documents/Project/WebProject/tomCat/webapps/BusBooking.war] has finished in [425] ms
12-Sep-2025 17:04:39.046 INFO [main] org.apache.catalina.startup.HostConfig.deployDirectory Deploying web application directory [/Users/nguyendinhtanloc/Documents/Project/WebProject/tomCat/webapps/docs]
12-Sep-2025 17:04:39.055 INFO [main] org.apache.catalina.startup.HostConfig.deployDirectory Deployment of web application directory [/Users/nguyendinhtanloc/Documents/Project/WebProject/tomCat/webapps/docs] has finished in [9] ms
12-Sep-2025 17:04:39.055 INFO [main] org.apache.catalina.startup.HostConfig.deployDirectory Deploying web application directory [/Users/nguyendinhtanloc/Documents/Project/WebProject/tomCat/webapps/manager]
12-Sep-2025 17:04:39.067 INFO [main] org.apache.catalina.startup.HostConfig.deployDirectory Deployment of web application directory [/Users/nguyendinhtanloc/Documents/Project/WebProject/tomCat/webapps/manager] has finished in [12] ms
12-Sep-2025 17:04:39.067 INFO [main] org.apache.catalina.startup.HostConfig.deployDirectory Deploying web application directory [/Users/nguyendinhtanloc/Documents/Project/WebProject/tomCat/webapps/examples]
12-Sep-2025 17:04:39.150 INFO [main] org.apache.catalina.startup.HostConfig.deployDirectory Deployment of web application directory [/Users/nguyendinhtanloc/Documents/Project/WebProject/tomCat/webapps/examples] has finished in [83] ms
12-Sep-2025 17:04:39.150 INFO [main] org.apache.catalina.startup.HostConfig.deployDirectory Deploying web application directory [/Users/nguyendinhtanloc/Documents/Project/WebProject/tomCat/webapps/ROOT]
12-Sep-2025 17:04:39.157 INFO [main] org.apache.catalina.startup.HostConfig.deployDirectory Deployment of web application directory [/Users/nguyendinhtanloc/Documents/Project/WebProject/tomCat/webapps/ROOT] has finished in [6] ms
12-Sep-2025 17:04:39.157 INFO [main] org.apache.catalina.startup.HostConfig.deployDirectory Deploying web application directory [/Users/nguyendinhtanloc/Documents/Project/WebProject/tomCat/webapps/host-manager]
12-Sep-2025 17:04:39.163 INFO [main] org.apache.catalina.startup.HostConfig.deployDirectory Deployment of web application directory [/Users/nguyendinhtanloc/Documents/Project/WebProject/tomCat/webapps/host-manager] has finished in [6] ms
12-Sep-2025 17:04:39.165 INFO [main] org.apache.coyote.AbstractProtocol.start Starting ProtocolHandler ["http-nio-8080"]
12-Sep-2025 17:04:39.169 INFO [main] org.apache.catalina.startup.Catalina.start Server startup in [570] milliseconds
12-Sep-2025 17:04:40.745 INFO [main] org.apache.catalina.core.StandardServer.await A valid shutdown command was received via the shutdown port. Stopping the Server instance.
12-Sep-2025 17:04:40.745 INFO [main] org.apache.coyote.AbstractProtocol.pause Pausing ProtocolHandler ["http-nio-8080"]
12-Sep-2025 17:04:40.747 INFO [main] org.apache.catalina.core.StandardService.stopInternal Stopping service [Catalina]
12-Sep-2025 17:04:40.757 INFO [main] org.apache.coyote.AbstractProtocol.stop Stopping ProtocolHandler ["http-nio-8080"]
12-Sep-2025 17:04:40.758 INFO [main] org.apache.coyote.AbstractProtocol.destroy Destroying ProtocolHandler ["http-nio-8080"]
NOTE: Picked up JDK_JAVA_OPTIONS:  --add-opens=java.base/java.lang=ALL-UNNAMED --add-opens=java.base/java.lang.invoke=ALL-UNNAMED --add-opens=java.base/java.lang.reflect=ALL-UNNAMED --add-opens=java.base/java.io=ALL-UNNAMED --add-opens=java.base/java.util=ALL-UNNAMED --add-opens=java.base/java.util.concurrent=ALL-UNNAMED --add-opens=java.rmi/sun.rmi.transport=ALL-UNNAMED
12-Sep-2025 17:04:42.604 INFO [main] org.apache.catalina.startup.VersionLoggerListener.log Server version name:   Apache Tomcat/9.0.108
12-Sep-2025 17:04:42.605 INFO [main] org.apache.catalina.startup.VersionLoggerListener.log Server built:          Jul 31 2025 18:19:48 UTC
12-Sep-2025 17:04:42.606 INFO [main] org.apache.catalina.startup.VersionLoggerListener.log Server version number: 9.0.108.0
12-Sep-2025 17:04:42.606 INFO [main] org.apache.catalina.startup.VersionLoggerListener.log OS Name:               Mac OS X
12-Sep-2025 17:04:42.606 INFO [main] org.apache.catalina.startup.VersionLoggerListener.log OS Version:            15.6.1
12-Sep-2025 17:04:42.606 INFO [main] org.apache.catalina.startup.VersionLoggerListener.log Architecture:          aarch64
12-Sep-2025 17:04:42.606 INFO [main] org.apache.catalina.startup.VersionLoggerListener.log Java Home:             /opt/homebrew/Cellar/openjdk@17/17.0.15/libexec/openjdk.jdk/Contents/Home
12-Sep-2025 17:04:42.606 INFO [main] org.apache.catalina.startup.VersionLoggerListener.log JVM Version:           17.0.15+0
12-Sep-2025 17:04:42.606 INFO [main] org.apache.catalina.startup.VersionLoggerListener.log JVM Vendor:            Homebrew
12-Sep-2025 17:04:42.606 INFO [main] org.apache.catalina.startup.VersionLoggerListener.log CATALINA_BASE:         /Users/nguyendinhtanloc/Documents/Project/WebProject/tomCat
12-Sep-2025 17:04:42.606 INFO [main] org.apache.catalina.startup.VersionLoggerListener.log CATALINA_HOME:         /Users/nguyendinhtanloc/Documents/Project/WebProject/tomCat
12-Sep-2025 17:04:42.610 INFO [main] org.apache.catalina.startup.VersionLoggerListener.log Command line argument: --add-opens=java.base/java.lang=ALL-UNNAMED
12-Sep-2025 17:04:42.610 INFO [main] org.apache.catalina.startup.VersionLoggerListener.log Command line argument: --add-opens=java.base/java.lang.invoke=ALL-UNNAMED
12-Sep-2025 17:04:42.610 INFO [main] org.apache.catalina.startup.VersionLoggerListener.log Command line argument: --add-opens=java.base/java.lang.reflect=ALL-UNNAMED
12-Sep-2025 17:04:42.610 INFO [main] org.apache.catalina.startup.VersionLoggerListener.log Command line argument: --add-opens=java.base/java.io=ALL-UNNAMED
12-Sep-2025 17:04:42.610 INFO [main] org.apache.catalina.startup.VersionLoggerListener.log Command line argument: --add-opens=java.base/java.util=ALL-UNNAMED
12-Sep-2025 17:04:42.610 INFO [main] org.apache.catalina.startup.VersionLoggerListener.log Command line argument: --add-opens=java.base/java.util.concurrent=ALL-UNNAMED
12-Sep-2025 17:04:42.610 INFO [main] org.apache.catalina.startup.VersionLoggerListener.log Command line argument: --add-opens=java.rmi/sun.rmi.transport=ALL-UNNAMED
12-Sep-2025 17:04:42.610 INFO [main] org.apache.catalina.startup.VersionLoggerListener.log Command line argument: -Djava.util.logging.config.file=/Users/nguyendinhtanloc/Documents/Project/WebProject/tomCat/conf/logging.properties
12-Sep-2025 17:04:42.611 INFO [main] org.apache.catalina.startup.VersionLoggerListener.log Command line argument: -Djava.util.logging.manager=org.apache.juli.ClassLoaderLogManager
12-Sep-2025 17:04:42.611 INFO [main] org.apache.catalina.startup.VersionLoggerListener.log Command line argument: -Djdk.tls.ephemeralDHKeySize=2048
12-Sep-2025 17:04:42.611 INFO [main] org.apache.catalina.startup.VersionLoggerListener.log Command line argument: -Djava.protocol.handler.pkgs=org.apache.catalina.webresources
12-Sep-2025 17:04:42.611 INFO [main] org.apache.catalina.startup.VersionLoggerListener.log Command line argument: -Dsun.io.useCanonCaches=false
12-Sep-2025 17:04:42.611 INFO [main] org.apache.catalina.startup.VersionLoggerListener.log Command line argument: -Dorg.apache.catalina.security.SecurityListener.UMASK=0027
12-Sep-2025 17:04:42.611 INFO [main] org.apache.catalina.startup.VersionLoggerListener.log Command line argument: -Dignore.endorsed.dirs=
12-Sep-2025 17:04:42.611 INFO [main] org.apache.catalina.startup.VersionLoggerListener.log Command line argument: -Dcatalina.base=/Users/nguyendinhtanloc/Documents/Project/WebProject/tomCat
12-Sep-2025 17:04:42.611 INFO [main] org.apache.catalina.startup.VersionLoggerListener.log Command line argument: -Dcatalina.home=/Users/nguyendinhtanloc/Documents/Project/WebProject/tomCat
12-Sep-2025 17:04:42.611 INFO [main] org.apache.catalina.startup.VersionLoggerListener.log Command line argument: -Djava.io.tmpdir=/Users/nguyendinhtanloc/Documents/Project/WebProject/tomCat/temp
12-Sep-2025 17:04:42.615 INFO [main] org.apache.catalina.core.AprLifecycleListener.lifecycleEvent The Apache Tomcat Native library which allows using OpenSSL was not found on the java.library.path: [/Users/nguyendinhtanloc/Library/Java/Extensions:/Library/Java/Extensions:/Network/Library/Java/Extensions:/System/Library/Java/Extensions:/usr/lib/java:.]
12-Sep-2025 17:04:42.739 INFO [main] org.apache.coyote.AbstractProtocol.init Initializing ProtocolHandler ["http-nio-8080"]
12-Sep-2025 17:04:42.751 INFO [main] org.apache.catalina.startup.Catalina.load Server initialization in [221] milliseconds
12-Sep-2025 17:04:42.764 INFO [main] org.apache.catalina.core.StandardService.startInternal Starting service [Catalina]
12-Sep-2025 17:04:42.764 INFO [main] org.apache.catalina.core.StandardEngine.startInternal Starting Servlet engine: [Apache Tomcat/9.0.108]
12-Sep-2025 17:04:42.769 INFO [main] org.apache.catalina.startup.HostConfig.deployWAR Deploying web application archive [/Users/nguyendinhtanloc/Documents/Project/WebProject/tomCat/webapps/BusBooking.war]
12-Sep-2025 17:04:43.153 INFO [main] org.apache.jasper.servlet.TldScanner.scanJars At least one JAR was scanned for TLDs yet contained no TLDs. Enable debug logging for this logger for a complete list of JARs that were scanned but no TLDs were found in them. Skipping unneeded JARs during scanning can improve startup time and JSP compilation time.
12-Sep-2025 17:04:43.170 INFO [main] org.apache.catalina.startup.HostConfig.deployWAR Deployment of web application archive [/Users/nguyendinhtanloc/Documents/Project/WebProject/tomCat/webapps/BusBooking.war] has finished in [401] ms
12-Sep-2025 17:04:43.171 INFO [main] org.apache.catalina.startup.HostConfig.deployDirectory Deploying web application directory [/Users/nguyendinhtanloc/Documents/Project/WebProject/tomCat/webapps/docs]
12-Sep-2025 17:04:43.179 INFO [main] org.apache.catalina.startup.HostConfig.deployDirectory Deployment of web application directory [/Users/nguyendinhtanloc/Documents/Project/WebProject/tomCat/webapps/docs] has finished in [8] ms
12-Sep-2025 17:04:43.179 INFO [main] org.apache.catalina.startup.HostConfig.deployDirectory Deploying web application directory [/Users/nguyendinhtanloc/Documents/Project/WebProject/tomCat/webapps/manager]
12-Sep-2025 17:04:43.190 INFO [main] org.apache.catalina.startup.HostConfig.deployDirectory Deployment of web application directory [/Users/nguyendinhtanloc/Documents/Project/WebProject/tomCat/webapps/manager] has finished in [11] ms
12-Sep-2025 17:04:43.190 INFO [main] org.apache.catalina.startup.HostConfig.deployDirectory Deploying web application directory [/Users/nguyendinhtanloc/Documents/Project/WebProject/tomCat/webapps/examples]
12-Sep-2025 17:04:43.252 INFO [main] org.apache.catalina.startup.HostConfig.deployDirectory Deployment of web application directory [/Users/nguyendinhtanloc/Documents/Project/WebProject/tomCat/webapps/examples] has finished in [62] ms
12-Sep-2025 17:04:43.252 INFO [main] org.apache.catalina.startup.HostConfig.deployDirectory Deploying web application directory [/Users/nguyendinhtanloc/Documents/Project/WebProject/tomCat/webapps/ROOT]
12-Sep-2025 17:04:43.257 INFO [main] org.apache.catalina.startup.HostConfig.deployDirectory Deployment of web application directory [/Users/nguyendinhtanloc/Documents/Project/WebProject/tomCat/webapps/ROOT] has finished in [5] ms
12-Sep-2025 17:04:43.258 INFO [main] org.apache.catalina.startup.HostConfig.deployDirectory Deploying web application directory [/Users/nguyendinhtanloc/Documents/Project/WebProject/tomCat/webapps/host-manager]
12-Sep-2025 17:04:43.264 INFO [main] org.apache.catalina.startup.HostConfig.deployDirectory Deployment of web application directory [/Users/nguyendinhtanloc/Documents/Project/WebProject/tomCat/webapps/host-manager] has finished in [6] ms
12-Sep-2025 17:04:43.265 INFO [main] org.apache.coyote.AbstractProtocol.start Starting ProtocolHandler ["http-nio-8080"]
12-Sep-2025 17:04:43.269 INFO [main] org.apache.catalina.startup.Catalina.start Server startup in [517] milliseconds
12-Sep-2025 17:05:53.320 INFO [Catalina-utility-1] org.apache.catalina.startup.HostConfig.undeploy Undeploying context [/BusBooking]
12-Sep-2025 17:06:13.367 INFO [Catalina-utility-1] org.apache.catalina.startup.HostConfig.deployWAR Deploying web application archive [/Users/nguyendinhtanloc/Documents/Project/WebProject/tomCat/webapps/BusBooking.war]
12-Sep-2025 17:06:13.641 INFO [Catalina-utility-1] org.apache.jasper.servlet.TldScanner.scanJars At least one JAR was scanned for TLDs yet contained no TLDs. Enable debug logging for this logger for a complete list of JARs that were scanned but no TLDs were found in them. Skipping unneeded JARs during scanning can improve startup time and JSP compilation time.
12-Sep-2025 17:06:13.644 INFO [Catalina-utility-1] org.apache.catalina.startup.HostConfig.deployWAR Deployment of web application archive [/Users/nguyendinhtanloc/Documents/Project/WebProject/tomCat/webapps/BusBooking.war] has finished in [277] ms
NOTE: Picked up JDK_JAVA_OPTIONS:  --add-opens=java.base/java.lang=ALL-UNNAMED --add-opens=java.base/java.lang.invoke=ALL-UNNAMED --add-opens=java.base/java.lang.reflect=ALL-UNNAMED --add-opens=java.base/java.io=ALL-UNNAMED --add-opens=java.base/java.util=ALL-UNNAMED --add-opens=java.base/java.util.concurrent=ALL-UNNAMED --add-opens=java.rmi/sun.rmi.transport=ALL-UNNAMED
12-Sep-2025 17:06:22.422 INFO [main] org.apache.catalina.startup.VersionLoggerListener.log Server version name:   Apache Tomcat/9.0.108
12-Sep-2025 17:06:22.424 INFO [main] org.apache.catalina.startup.VersionLoggerListener.log Server built:          Jul 31 2025 18:19:48 UTC
12-Sep-2025 17:06:22.424 INFO [main] org.apache.catalina.startup.VersionLoggerListener.log Server version number: 9.0.108.0
12-Sep-2025 17:06:22.424 INFO [main] org.apache.catalina.startup.VersionLoggerListener.log OS Name:               Mac OS X
12-Sep-2025 17:06:22.424 INFO [main] org.apache.catalina.startup.VersionLoggerListener.log OS Version:            15.6.1
12-Sep-2025 17:06:22.424 INFO [main] org.apache.catalina.startup.VersionLoggerListener.log Architecture:          aarch64
12-Sep-2025 17:06:22.424 INFO [main] org.apache.catalina.startup.VersionLoggerListener.log Java Home:             /opt/homebrew/Cellar/openjdk@17/17.0.15/libexec/openjdk.jdk/Contents/Home
12-Sep-2025 17:06:22.424 INFO [main] org.apache.catalina.startup.VersionLoggerListener.log JVM Version:           17.0.15+0
12-Sep-2025 17:06:22.424 INFO [main] org.apache.catalina.startup.VersionLoggerListener.log JVM Vendor:            Homebrew
12-Sep-2025 17:06:22.424 INFO [main] org.apache.catalina.startup.VersionLoggerListener.log CATALINA_BASE:         /Users/nguyendinhtanloc/Documents/Project/WebProject/tomCat
12-Sep-2025 17:06:22.424 INFO [main] org.apache.catalina.startup.VersionLoggerListener.log CATALINA_HOME:         /Users/nguyendinhtanloc/Documents/Project/WebProject/tomCat
12-Sep-2025 17:06:22.429 INFO [main] org.apache.catalina.startup.VersionLoggerListener.log Command line argument: --add-opens=java.base/java.lang=ALL-UNNAMED
12-Sep-2025 17:06:22.429 INFO [main] org.apache.catalina.startup.VersionLoggerListener.log Command line argument: --add-opens=java.base/java.lang.invoke=ALL-UNNAMED
12-Sep-2025 17:06:22.429 INFO [main] org.apache.catalina.startup.VersionLoggerListener.log Command line argument: --add-opens=java.base/java.lang.reflect=ALL-UNNAMED
12-Sep-2025 17:06:22.429 INFO [main] org.apache.catalina.startup.VersionLoggerListener.log Command line argument: --add-opens=java.base/java.io=ALL-UNNAMED
12-Sep-2025 17:06:22.429 INFO [main] org.apache.catalina.startup.VersionLoggerListener.log Command line argument: --add-opens=java.base/java.util=ALL-UNNAMED
12-Sep-2025 17:06:22.429 INFO [main] org.apache.catalina.startup.VersionLoggerListener.log Command line argument: --add-opens=java.base/java.util.concurrent=ALL-UNNAMED
12-Sep-2025 17:06:22.429 INFO [main] org.apache.catalina.startup.VersionLoggerListener.log Command line argument: --add-opens=java.rmi/sun.rmi.transport=ALL-UNNAMED
12-Sep-2025 17:06:22.429 INFO [main] org.apache.catalina.startup.VersionLoggerListener.log Command line argument: -Djava.util.logging.config.file=/Users/nguyendinhtanloc/Documents/Project/WebProject/tomCat/conf/logging.properties
12-Sep-2025 17:06:22.429 INFO [main] org.apache.catalina.startup.VersionLoggerListener.log Command line argument: -Djava.util.logging.manager=org.apache.juli.ClassLoaderLogManager
12-Sep-2025 17:06:22.429 INFO [main] org.apache.catalina.startup.VersionLoggerListener.log Command line argument: -Djdk.tls.ephemeralDHKeySize=2048
12-Sep-2025 17:06:22.429 INFO [main] org.apache.catalina.startup.VersionLoggerListener.log Command line argument: -Djava.protocol.handler.pkgs=org.apache.catalina.webresources
12-Sep-2025 17:06:22.429 INFO [main] org.apache.catalina.startup.VersionLoggerListener.log Command line argument: -Dsun.io.useCanonCaches=false
12-Sep-2025 17:06:22.430 INFO [main] org.apache.catalina.startup.VersionLoggerListener.log Command line argument: -Dorg.apache.catalina.security.SecurityListener.UMASK=0027
12-Sep-2025 17:06:22.430 INFO [main] org.apache.catalina.startup.VersionLoggerListener.log Command line argument: -Dignore.endorsed.dirs=
12-Sep-2025 17:06:22.430 INFO [main] org.apache.catalina.startup.VersionLoggerListener.log Command line argument: -Dcatalina.base=/Users/nguyendinhtanloc/Documents/Project/WebProject/tomCat
12-Sep-2025 17:06:22.430 INFO [main] org.apache.catalina.startup.VersionLoggerListener.log Command line argument: -Dcatalina.home=/Users/nguyendinhtanloc/Documents/Project/WebProject/tomCat
12-Sep-2025 17:06:22.430 INFO [main] org.apache.catalina.startup.VersionLoggerListener.log Command line argument: -Djava.io.tmpdir=/Users/nguyendinhtanloc/Documents/Project/WebProject/tomCat/temp
12-Sep-2025 17:06:22.434 INFO [main] org.apache.catalina.core.AprLifecycleListener.lifecycleEvent The Apache Tomcat Native library which allows using OpenSSL was not found on the java.library.path: [/Users/nguyendinhtanloc/Library/Java/Extensions:/Library/Java/Extensions:/Network/Library/Java/Extensions:/System/Library/Java/Extensions:/usr/lib/java:.]
12-Sep-2025 17:06:22.563 INFO [main] org.apache.coyote.AbstractProtocol.init Initializing ProtocolHandler ["http-nio-8080"]
12-Sep-2025 17:06:22.571 SEVERE [main] org.apache.catalina.util.LifecycleBase.handleSubClassException Failed to initialize component [Connector["http-nio-8080"]]
	org.apache.catalina.LifecycleException: Protocol handler initialization failed
		at org.apache.catalina.connector.Connector.initInternal(Connector.java:1072)
		at org.apache.catalina.util.LifecycleBase.init(LifecycleBase.java:122)
		at org.apache.catalina.core.StandardService.initInternal(StandardService.java:522)
		at org.apache.catalina.util.LifecycleBase.init(LifecycleBase.java:122)
		at org.apache.catalina.core.StandardServer.initInternal(StandardServer.java:986)
		at org.apache.catalina.util.LifecycleBase.init(LifecycleBase.java:122)
		at org.apache.catalina.startup.Catalina.load(Catalina.java:690)
		at org.apache.catalina.startup.Catalina.load(Catalina.java:713)
		at java.base/jdk.internal.reflect.NativeMethodAccessorImpl.invoke0(Native Method)
		at java.base/jdk.internal.reflect.NativeMethodAccessorImpl.invoke(NativeMethodAccessorImpl.java:77)
		at java.base/jdk.internal.reflect.DelegatingMethodAccessorImpl.invoke(DelegatingMethodAccessorImpl.java:43)
		at java.base/java.lang.reflect.Method.invoke(Method.java:569)
		at org.apache.catalina.startup.Bootstrap.load(Bootstrap.java:302)
		at org.apache.catalina.startup.Bootstrap.main(Bootstrap.java:475)
	Caused by: java.net.BindException: Address already in use
		at java.base/sun.nio.ch.Net.bind0(Native Method)
		at java.base/sun.nio.ch.Net.bind(Net.java:555)
		at java.base/sun.nio.ch.ServerSocketChannelImpl.netBind(ServerSocketChannelImpl.java:337)
		at java.base/sun.nio.ch.ServerSocketChannelImpl.bind(ServerSocketChannelImpl.java:294)
		at org.apache.tomcat.util.net.NioEndpoint.initServerSocket(NioEndpoint.java:298)
		at org.apache.tomcat.util.net.NioEndpoint.bind(NioEndpoint.java:253)
		at org.apache.tomcat.util.net.AbstractEndpoint.bindWithCleanup(AbstractEndpoint.java:1465)
		at org.apache.tomcat.util.net.AbstractEndpoint.init(AbstractEndpoint.java:1478)
		at org.apache.coyote.AbstractProtocol.init(AbstractProtocol.java:663)
		at org.apache.coyote.http11.AbstractHttp11Protocol.init(AbstractHttp11Protocol.java:80)
		at org.apache.catalina.connector.Connector.initInternal(Connector.java:1070)
		... 13 more
12-Sep-2025 17:06:22.572 INFO [main] org.apache.catalina.startup.Catalina.load Server initialization in [230] milliseconds
12-Sep-2025 17:06:22.585 INFO [main] org.apache.catalina.core.StandardService.startInternal Starting service [Catalina]
12-Sep-2025 17:06:22.585 INFO [main] org.apache.catalina.core.StandardEngine.startInternal Starting Servlet engine: [Apache Tomcat/9.0.108]
12-Sep-2025 17:06:22.590 INFO [main] org.apache.catalina.startup.HostConfig.deployWAR Deploying web application archive [/Users/nguyendinhtanloc/Documents/Project/WebProject/tomCat/webapps/BusBooking.war]
12-Sep-2025 17:06:22.920 INFO [main] org.apache.jasper.servlet.TldScanner.scanJars At least one JAR was scanned for TLDs yet contained no TLDs. Enable debug logging for this logger for a complete list of JARs that were scanned but no TLDs were found in them. Skipping unneeded JARs during scanning can improve startup time and JSP compilation time.
12-Sep-2025 17:06:22.936 INFO [main] org.apache.catalina.startup.HostConfig.deployWAR Deployment of web application archive [/Users/nguyendinhtanloc/Documents/Project/WebProject/tomCat/webapps/BusBooking.war] has finished in [347] ms
12-Sep-2025 17:06:22.936 INFO [main] org.apache.catalina.startup.HostConfig.deployDirectory Deploying web application directory [/Users/nguyendinhtanloc/Documents/Project/WebProject/tomCat/webapps/docs]
12-Sep-2025 17:06:22.947 INFO [main] org.apache.catalina.startup.HostConfig.deployDirectory Deployment of web application directory [/Users/nguyendinhtanloc/Documents/Project/WebProject/tomCat/webapps/docs] has finished in [11] ms
12-Sep-2025 17:06:22.947 INFO [main] org.apache.catalina.startup.HostConfig.deployDirectory Deploying web application directory [/Users/nguyendinhtanloc/Documents/Project/WebProject/tomCat/webapps/manager]
12-Sep-2025 17:06:22.959 INFO [main] org.apache.catalina.startup.HostConfig.deployDirectory Deployment of web application directory [/Users/nguyendinhtanloc/Documents/Project/WebProject/tomCat/webapps/manager] has finished in [12] ms
12-Sep-2025 17:06:22.959 INFO [main] org.apache.catalina.startup.HostConfig.deployDirectory Deploying web application directory [/Users/nguyendinhtanloc/Documents/Project/WebProject/tomCat/webapps/examples]
12-Sep-2025 17:06:23.037 INFO [main] org.apache.catalina.startup.HostConfig.deployDirectory Deployment of web application directory [/Users/nguyendinhtanloc/Documents/Project/WebProject/tomCat/webapps/examples] has finished in [78] ms
12-Sep-2025 17:06:23.037 INFO [main] org.apache.catalina.startup.HostConfig.deployDirectory Deploying web application directory [/Users/nguyendinhtanloc/Documents/Project/WebProject/tomCat/webapps/ROOT]
12-Sep-2025 17:06:23.043 INFO [main] org.apache.catalina.startup.HostConfig.deployDirectory Deployment of web application directory [/Users/nguyendinhtanloc/Documents/Project/WebProject/tomCat/webapps/ROOT] has finished in [6] ms
12-Sep-2025 17:06:23.043 INFO [main] org.apache.catalina.startup.HostConfig.deployDirectory Deploying web application directory [/Users/nguyendinhtanloc/Documents/Project/WebProject/tomCat/webapps/host-manager]
12-Sep-2025 17:06:23.050 INFO [main] org.apache.catalina.startup.HostConfig.deployDirectory Deployment of web application directory [/Users/nguyendinhtanloc/Documents/Project/WebProject/tomCat/webapps/host-manager] has finished in [7] ms
12-Sep-2025 17:06:23.051 INFO [main] org.apache.catalina.startup.Catalina.start Server startup in [479] milliseconds
12-Sep-2025 17:06:23.053 SEVERE [main] org.apache.catalina.core.StandardServer.await Failed to create server shutdown socket on address [localhost] and port [8005] (base port [8005] and offset [0])
	java.net.BindException: Address already in use
		at java.base/sun.nio.ch.Net.bind0(Native Method)
		at java.base/sun.nio.ch.Net.bind(Net.java:555)
		at java.base/sun.nio.ch.Net.bind(Net.java:544)
		at java.base/sun.nio.ch.NioSocketImpl.bind(NioSocketImpl.java:648)
		at java.base/java.net.ServerSocket.bind(ServerSocket.java:388)
		at java.base/java.net.ServerSocket.<init>(ServerSocket.java:274)
		at org.apache.catalina.core.StandardServer.await(StandardServer.java:537)
		at org.apache.catalina.startup.Catalina.await(Catalina.java:829)
		at org.apache.catalina.startup.Catalina.start(Catalina.java:777)
		at java.base/jdk.internal.reflect.NativeMethodAccessorImpl.invoke0(Native Method)
		at java.base/jdk.internal.reflect.NativeMethodAccessorImpl.invoke(NativeMethodAccessorImpl.java:77)
		at java.base/jdk.internal.reflect.DelegatingMethodAccessorImpl.invoke(DelegatingMethodAccessorImpl.java:43)
		at java.base/java.lang.reflect.Method.invoke(Method.java:569)
		at org.apache.catalina.startup.Bootstrap.start(Bootstrap.java:345)
		at org.apache.catalina.startup.Bootstrap.main(Bootstrap.java:476)
12-Sep-2025 17:06:23.053 INFO [main] org.apache.coyote.AbstractProtocol.pause Pausing ProtocolHandler ["http-nio-8080"]
12-Sep-2025 17:06:23.053 INFO [main] org.apache.catalina.core.StandardService.stopInternal Stopping service [Catalina]
12-Sep-2025 17:06:23.061 INFO [main] org.apache.coyote.AbstractProtocol.stop Stopping ProtocolHandler ["http-nio-8080"]
12-Sep-2025 17:06:23.061 INFO [main] org.apache.coyote.AbstractProtocol.destroy Destroying ProtocolHandler ["http-nio-8080"]
12-Sep-2025 17:06:24.319 INFO [main] org.apache.catalina.core.StandardServer.await A valid shutdown command was received via the shutdown port. Stopping the Server instance.
12-Sep-2025 17:06:24.319 INFO [main] org.apache.coyote.AbstractProtocol.pause Pausing ProtocolHandler ["http-nio-8080"]
12-Sep-2025 17:06:24.321 INFO [main] org.apache.catalina.core.StandardService.stopInternal Stopping service [Catalina]
12-Sep-2025 17:06:24.329 INFO [main] org.apache.coyote.AbstractProtocol.stop Stopping ProtocolHandler ["http-nio-8080"]
12-Sep-2025 17:06:24.332 INFO [main] org.apache.coyote.AbstractProtocol.destroy Destroying ProtocolHandler ["http-nio-8080"]
NOTE: Picked up JDK_JAVA_OPTIONS:  --add-opens=java.base/java.lang=ALL-UNNAMED --add-opens=java.base/java.lang.invoke=ALL-UNNAMED --add-opens=java.base/java.lang.reflect=ALL-UNNAMED --add-opens=java.base/java.io=ALL-UNNAMED --add-opens=java.base/java.util=ALL-UNNAMED --add-opens=java.base/java.util.concurrent=ALL-UNNAMED --add-opens=java.rmi/sun.rmi.transport=ALL-UNNAMED
12-Sep-2025 17:06:25.735 INFO [main] org.apache.catalina.startup.VersionLoggerListener.log Server version name:   Apache Tomcat/9.0.108
12-Sep-2025 17:06:25.737 INFO [main] org.apache.catalina.startup.VersionLoggerListener.log Server built:          Jul 31 2025 18:19:48 UTC
12-Sep-2025 17:06:25.737 INFO [main] org.apache.catalina.startup.VersionLoggerListener.log Server version number: 9.0.108.0
12-Sep-2025 17:06:25.737 INFO [main] org.apache.catalina.startup.VersionLoggerListener.log OS Name:               Mac OS X
12-Sep-2025 17:06:25.737 INFO [main] org.apache.catalina.startup.VersionLoggerListener.log OS Version:            15.6.1
12-Sep-2025 17:06:25.737 INFO [main] org.apache.catalina.startup.VersionLoggerListener.log Architecture:          aarch64
12-Sep-2025 17:06:25.737 INFO [main] org.apache.catalina.startup.VersionLoggerListener.log Java Home:             /opt/homebrew/Cellar/openjdk@17/17.0.15/libexec/openjdk.jdk/Contents/Home
12-Sep-2025 17:06:25.737 INFO [main] org.apache.catalina.startup.VersionLoggerListener.log JVM Version:           17.0.15+0
12-Sep-2025 17:06:25.737 INFO [main] org.apache.catalina.startup.VersionLoggerListener.log JVM Vendor:            Homebrew
12-Sep-2025 17:06:25.737 INFO [main] org.apache.catalina.startup.VersionLoggerListener.log CATALINA_BASE:         /Users/nguyendinhtanloc/Documents/Project/WebProject/tomCat
12-Sep-2025 17:06:25.737 INFO [main] org.apache.catalina.startup.VersionLoggerListener.log CATALINA_HOME:         /Users/nguyendinhtanloc/Documents/Project/WebProject/tomCat
12-Sep-2025 17:06:25.741 INFO [main] org.apache.catalina.startup.VersionLoggerListener.log Command line argument: --add-opens=java.base/java.lang=ALL-UNNAMED
12-Sep-2025 17:06:25.741 INFO [main] org.apache.catalina.startup.VersionLoggerListener.log Command line argument: --add-opens=java.base/java.lang.invoke=ALL-UNNAMED
12-Sep-2025 17:06:25.741 INFO [main] org.apache.catalina.startup.VersionLoggerListener.log Command line argument: --add-opens=java.base/java.lang.reflect=ALL-UNNAMED
12-Sep-2025 17:06:25.741 INFO [main] org.apache.catalina.startup.VersionLoggerListener.log Command line argument: --add-opens=java.base/java.io=ALL-UNNAMED
12-Sep-2025 17:06:25.741 INFO [main] org.apache.catalina.startup.VersionLoggerListener.log Command line argument: --add-opens=java.base/java.util=ALL-UNNAMED
12-Sep-2025 17:06:25.741 INFO [main] org.apache.catalina.startup.VersionLoggerListener.log Command line argument: --add-opens=java.base/java.util.concurrent=ALL-UNNAMED
12-Sep-2025 17:06:25.741 INFO [main] org.apache.catalina.startup.VersionLoggerListener.log Command line argument: --add-opens=java.rmi/sun.rmi.transport=ALL-UNNAMED
12-Sep-2025 17:06:25.741 INFO [main] org.apache.catalina.startup.VersionLoggerListener.log Command line argument: -Djava.util.logging.config.file=/Users/nguyendinhtanloc/Documents/Project/WebProject/tomCat/conf/logging.properties
12-Sep-2025 17:06:25.742 INFO [main] org.apache.catalina.startup.VersionLoggerListener.log Command line argument: -Djava.util.logging.manager=org.apache.juli.ClassLoaderLogManager
12-Sep-2025 17:06:25.742 INFO [main] org.apache.catalina.startup.VersionLoggerListener.log Command line argument: -Djdk.tls.ephemeralDHKeySize=2048
12-Sep-2025 17:06:25.742 INFO [main] org.apache.catalina.startup.VersionLoggerListener.log Command line argument: -Djava.protocol.handler.pkgs=org.apache.catalina.webresources
12-Sep-2025 17:06:25.742 INFO [main] org.apache.catalina.startup.VersionLoggerListener.log Command line argument: -Dsun.io.useCanonCaches=false
12-Sep-2025 17:06:25.742 INFO [main] org.apache.catalina.startup.VersionLoggerListener.log Command line argument: -Dorg.apache.catalina.security.SecurityListener.UMASK=0027
12-Sep-2025 17:06:25.742 INFO [main] org.apache.catalina.startup.VersionLoggerListener.log Command line argument: -Dignore.endorsed.dirs=
12-Sep-2025 17:06:25.742 INFO [main] org.apache.catalina.startup.VersionLoggerListener.log Command line argument: -Dcatalina.base=/Users/nguyendinhtanloc/Documents/Project/WebProject/tomCat
12-Sep-2025 17:06:25.742 INFO [main] org.apache.catalina.startup.VersionLoggerListener.log Command line argument: -Dcatalina.home=/Users/nguyendinhtanloc/Documents/Project/WebProject/tomCat
12-Sep-2025 17:06:25.742 INFO [main] org.apache.catalina.startup.VersionLoggerListener.log Command line argument: -Djava.io.tmpdir=/Users/nguyendinhtanloc/Documents/Project/WebProject/tomCat/temp
12-Sep-2025 17:06:25.747 INFO [main] org.apache.catalina.core.AprLifecycleListener.lifecycleEvent The Apache Tomcat Native library which allows using OpenSSL was not found on the java.library.path: [/Users/nguyendinhtanloc/Library/Java/Extensions:/Library/Java/Extensions:/Network/Library/Java/Extensions:/System/Library/Java/Extensions:/usr/lib/java:.]
12-Sep-2025 17:06:25.870 INFO [main] org.apache.coyote.AbstractProtocol.init Initializing ProtocolHandler ["http-nio-8080"]
12-Sep-2025 17:06:25.881 INFO [main] org.apache.catalina.startup.Catalina.load Server initialization in [220] milliseconds
12-Sep-2025 17:06:25.894 INFO [main] org.apache.catalina.core.StandardService.startInternal Starting service [Catalina]
12-Sep-2025 17:06:25.894 INFO [main] org.apache.catalina.core.StandardEngine.startInternal Starting Servlet engine: [Apache Tomcat/9.0.108]
12-Sep-2025 17:06:25.898 INFO [main] org.apache.catalina.startup.HostConfig.deployWAR Deploying web application archive [/Users/nguyendinhtanloc/Documents/Project/WebProject/tomCat/webapps/BusBooking.war]
12-Sep-2025 17:06:26.231 INFO [main] org.apache.jasper.servlet.TldScanner.scanJars At least one JAR was scanned for TLDs yet contained no TLDs. Enable debug logging for this logger for a complete list of JARs that were scanned but no TLDs were found in them. Skipping unneeded JARs during scanning can improve startup time and JSP compilation time.
12-Sep-2025 17:06:26.246 INFO [main] org.apache.catalina.startup.HostConfig.deployWAR Deployment of web application archive [/Users/nguyendinhtanloc/Documents/Project/WebProject/tomCat/webapps/BusBooking.war] has finished in [347] ms
12-Sep-2025 17:06:26.246 INFO [main] org.apache.catalina.startup.HostConfig.deployDirectory Deploying web application directory [/Users/nguyendinhtanloc/Documents/Project/WebProject/tomCat/webapps/docs]
12-Sep-2025 17:06:26.254 INFO [main] org.apache.catalina.startup.HostConfig.deployDirectory Deployment of web application directory [/Users/nguyendinhtanloc/Documents/Project/WebProject/tomCat/webapps/docs] has finished in [7] ms
12-Sep-2025 17:06:26.254 INFO [main] org.apache.catalina.startup.HostConfig.deployDirectory Deploying web application directory [/Users/nguyendinhtanloc/Documents/Project/WebProject/tomCat/webapps/manager]
12-Sep-2025 17:06:26.266 INFO [main] org.apache.catalina.startup.HostConfig.deployDirectory Deployment of web application directory [/Users/nguyendinhtanloc/Documents/Project/WebProject/tomCat/webapps/manager] has finished in [12] ms
12-Sep-2025 17:06:26.266 INFO [main] org.apache.catalina.startup.HostConfig.deployDirectory Deploying web application directory [/Users/nguyendinhtanloc/Documents/Project/WebProject/tomCat/webapps/examples]
12-Sep-2025 17:06:26.334 INFO [main] org.apache.catalina.startup.HostConfig.deployDirectory Deployment of web application directory [/Users/nguyendinhtanloc/Documents/Project/WebProject/tomCat/webapps/examples] has finished in [68] ms
12-Sep-2025 17:06:26.334 INFO [main] org.apache.catalina.startup.HostConfig.deployDirectory Deploying web application directory [/Users/nguyendinhtanloc/Documents/Project/WebProject/tomCat/webapps/ROOT]
12-Sep-2025 17:06:26.341 INFO [main] org.apache.catalina.startup.HostConfig.deployDirectory Deployment of web application directory [/Users/nguyendinhtanloc/Documents/Project/WebProject/tomCat/webapps/ROOT] has finished in [7] ms
12-Sep-2025 17:06:26.341 INFO [main] org.apache.catalina.startup.HostConfig.deployDirectory Deploying web application directory [/Users/nguyendinhtanloc/Documents/Project/WebProject/tomCat/webapps/host-manager]
12-Sep-2025 17:06:26.350 INFO [main] org.apache.catalina.startup.HostConfig.deployDirectory Deployment of web application directory [/Users/nguyendinhtanloc/Documents/Project/WebProject/tomCat/webapps/host-manager] has finished in [9] ms
12-Sep-2025 17:06:26.351 INFO [main] org.apache.coyote.AbstractProtocol.start Starting ProtocolHandler ["http-nio-8080"]
12-Sep-2025 17:06:26.355 INFO [main] org.apache.catalina.startup.Catalina.start Server startup in [473] milliseconds
12-Sep-2025 17:14:46.782 INFO [Catalina-utility-2] org.apache.catalina.startup.HostConfig.undeploy Undeploying context [/BusBooking]
12-Sep-2025 18:53:39.792 INFO [Catalina-utility-1] org.apache.catalina.startup.HostConfig.deployWAR Deploying web application archive [/Users/nguyendinhtanloc/Documents/Project/WebProject/tomCat/webapps/BusBooking.war]
12-Sep-2025 18:53:40.082 INFO [Catalina-utility-1] org.apache.jasper.servlet.TldScanner.scanJars At least one JAR was scanned for TLDs yet contained no TLDs. Enable debug logging for this logger for a complete list of JARs that were scanned but no TLDs were found in them. Skipping unneeded JARs during scanning can improve startup time and JSP compilation time.
12-Sep-2025 18:53:40.085 INFO [Catalina-utility-1] org.apache.catalina.startup.HostConfig.deployWAR Deployment of web application archive [/Users/nguyendinhtanloc/Documents/Project/WebProject/tomCat/webapps/BusBooking.war] has finished in [295] ms
NOTE: Picked up JDK_JAVA_OPTIONS:  --add-opens=java.base/java.lang=ALL-UNNAMED --add-opens=java.base/java.lang.invoke=ALL-UNNAMED --add-opens=java.base/java.lang.reflect=ALL-UNNAMED --add-opens=java.base/java.io=ALL-UNNAMED --add-opens=java.base/java.util=ALL-UNNAMED --add-opens=java.base/java.util.concurrent=ALL-UNNAMED --add-opens=java.rmi/sun.rmi.transport=ALL-UNNAMED
12-Sep-2025 18:53:50.920 INFO [main] org.apache.catalina.startup.VersionLoggerListener.log Server version name:   Apache Tomcat/9.0.108
12-Sep-2025 18:53:50.922 INFO [main] org.apache.catalina.startup.VersionLoggerListener.log Server built:          Jul 31 2025 18:19:48 UTC
12-Sep-2025 18:53:50.922 INFO [main] org.apache.catalina.startup.VersionLoggerListener.log Server version number: 9.0.108.0
12-Sep-2025 18:53:50.922 INFO [main] org.apache.catalina.startup.VersionLoggerListener.log OS Name:               Mac OS X
12-Sep-2025 18:53:50.922 INFO [main] org.apache.catalina.startup.VersionLoggerListener.log OS Version:            15.6.1
12-Sep-2025 18:53:50.922 INFO [main] org.apache.catalina.startup.VersionLoggerListener.log Architecture:          aarch64
12-Sep-2025 18:53:50.922 INFO [main] org.apache.catalina.startup.VersionLoggerListener.log Java Home:             /opt/homebrew/Cellar/openjdk@17/17.0.15/libexec/openjdk.jdk/Contents/Home
12-Sep-2025 18:53:50.922 INFO [main] org.apache.catalina.startup.VersionLoggerListener.log JVM Version:           17.0.15+0
12-Sep-2025 18:53:50.922 INFO [main] org.apache.catalina.startup.VersionLoggerListener.log JVM Vendor:            Homebrew
12-Sep-2025 18:53:50.922 INFO [main] org.apache.catalina.startup.VersionLoggerListener.log CATALINA_BASE:         /Users/nguyendinhtanloc/Documents/Project/WebProject/tomCat
12-Sep-2025 18:53:50.922 INFO [main] org.apache.catalina.startup.VersionLoggerListener.log CATALINA_HOME:         /Users/nguyendinhtanloc/Documents/Project/WebProject/tomCat
12-Sep-2025 18:53:50.929 INFO [main] org.apache.catalina.startup.VersionLoggerListener.log Command line argument: --add-opens=java.base/java.lang=ALL-UNNAMED
12-Sep-2025 18:53:50.929 INFO [main] org.apache.catalina.startup.VersionLoggerListener.log Command line argument: --add-opens=java.base/java.lang.invoke=ALL-UNNAMED
12-Sep-2025 18:53:50.929 INFO [main] org.apache.catalina.startup.VersionLoggerListener.log Command line argument: --add-opens=java.base/java.lang.reflect=ALL-UNNAMED
12-Sep-2025 18:53:50.929 INFO [main] org.apache.catalina.startup.VersionLoggerListener.log Command line argument: --add-opens=java.base/java.io=ALL-UNNAMED
12-Sep-2025 18:53:50.929 INFO [main] org.apache.catalina.startup.VersionLoggerListener.log Command line argument: --add-opens=java.base/java.util=ALL-UNNAMED
12-Sep-2025 18:53:50.929 INFO [main] org.apache.catalina.startup.VersionLoggerListener.log Command line argument: --add-opens=java.base/java.util.concurrent=ALL-UNNAMED
12-Sep-2025 18:53:50.929 INFO [main] org.apache.catalina.startup.VersionLoggerListener.log Command line argument: --add-opens=java.rmi/sun.rmi.transport=ALL-UNNAMED
12-Sep-2025 18:53:50.929 INFO [main] org.apache.catalina.startup.VersionLoggerListener.log Command line argument: -Djava.util.logging.config.file=/Users/nguyendinhtanloc/Documents/Project/WebProject/tomCat/conf/logging.properties
12-Sep-2025 18:53:50.929 INFO [main] org.apache.catalina.startup.VersionLoggerListener.log Command line argument: -Djava.util.logging.manager=org.apache.juli.ClassLoaderLogManager
12-Sep-2025 18:53:50.929 INFO [main] org.apache.catalina.startup.VersionLoggerListener.log Command line argument: -Djdk.tls.ephemeralDHKeySize=2048
12-Sep-2025 18:53:50.929 INFO [main] org.apache.catalina.startup.VersionLoggerListener.log Command line argument: -Djava.protocol.handler.pkgs=org.apache.catalina.webresources
12-Sep-2025 18:53:50.929 INFO [main] org.apache.catalina.startup.VersionLoggerListener.log Command line argument: -Dsun.io.useCanonCaches=false
12-Sep-2025 18:53:50.930 INFO [main] org.apache.catalina.startup.VersionLoggerListener.log Command line argument: -Dorg.apache.catalina.security.SecurityListener.UMASK=0027
12-Sep-2025 18:53:50.930 INFO [main] org.apache.catalina.startup.VersionLoggerListener.log Command line argument: -Dignore.endorsed.dirs=
12-Sep-2025 18:53:50.930 INFO [main] org.apache.catalina.startup.VersionLoggerListener.log Command line argument: -Dcatalina.base=/Users/nguyendinhtanloc/Documents/Project/WebProject/tomCat
12-Sep-2025 18:53:50.930 INFO [main] org.apache.catalina.startup.VersionLoggerListener.log Command line argument: -Dcatalina.home=/Users/nguyendinhtanloc/Documents/Project/WebProject/tomCat
12-Sep-2025 18:53:50.930 INFO [main] org.apache.catalina.startup.VersionLoggerListener.log Command line argument: -Djava.io.tmpdir=/Users/nguyendinhtanloc/Documents/Project/WebProject/tomCat/temp
12-Sep-2025 18:53:50.935 INFO [main] org.apache.catalina.core.AprLifecycleListener.lifecycleEvent The Apache Tomcat Native library which allows using OpenSSL was not found on the java.library.path: [/Users/nguyendinhtanloc/Library/Java/Extensions:/Library/Java/Extensions:/Network/Library/Java/Extensions:/System/Library/Java/Extensions:/usr/lib/java:.]
12-Sep-2025 18:53:51.067 INFO [main] org.apache.coyote.AbstractProtocol.init Initializing ProtocolHandler ["http-nio-8080"]
12-Sep-2025 18:53:51.076 SEVERE [main] org.apache.catalina.util.LifecycleBase.handleSubClassException Failed to initialize component [Connector["http-nio-8080"]]
	org.apache.catalina.LifecycleException: Protocol handler initialization failed
		at org.apache.catalina.connector.Connector.initInternal(Connector.java:1072)
		at org.apache.catalina.util.LifecycleBase.init(LifecycleBase.java:122)
		at org.apache.catalina.core.StandardService.initInternal(StandardService.java:522)
		at org.apache.catalina.util.LifecycleBase.init(LifecycleBase.java:122)
		at org.apache.catalina.core.StandardServer.initInternal(StandardServer.java:986)
		at org.apache.catalina.util.LifecycleBase.init(LifecycleBase.java:122)
		at org.apache.catalina.startup.Catalina.load(Catalina.java:690)
		at org.apache.catalina.startup.Catalina.load(Catalina.java:713)
		at java.base/jdk.internal.reflect.NativeMethodAccessorImpl.invoke0(Native Method)
		at java.base/jdk.internal.reflect.NativeMethodAccessorImpl.invoke(NativeMethodAccessorImpl.java:77)
		at java.base/jdk.internal.reflect.DelegatingMethodAccessorImpl.invoke(DelegatingMethodAccessorImpl.java:43)
		at java.base/java.lang.reflect.Method.invoke(Method.java:569)
		at org.apache.catalina.startup.Bootstrap.load(Bootstrap.java:302)
		at org.apache.catalina.startup.Bootstrap.main(Bootstrap.java:475)
	Caused by: java.net.BindException: Address already in use
		at java.base/sun.nio.ch.Net.bind0(Native Method)
		at java.base/sun.nio.ch.Net.bind(Net.java:555)
		at java.base/sun.nio.ch.ServerSocketChannelImpl.netBind(ServerSocketChannelImpl.java:337)
		at java.base/sun.nio.ch.ServerSocketChannelImpl.bind(ServerSocketChannelImpl.java:294)
		at org.apache.tomcat.util.net.NioEndpoint.initServerSocket(NioEndpoint.java:298)
		at org.apache.tomcat.util.net.NioEndpoint.bind(NioEndpoint.java:253)
		at org.apache.tomcat.util.net.AbstractEndpoint.bindWithCleanup(AbstractEndpoint.java:1465)
		at org.apache.tomcat.util.net.AbstractEndpoint.init(AbstractEndpoint.java:1478)
		at org.apache.coyote.AbstractProtocol.init(AbstractProtocol.java:663)
		at org.apache.coyote.http11.AbstractHttp11Protocol.init(AbstractHttp11Protocol.java:80)
		at org.apache.catalina.connector.Connector.initInternal(Connector.java:1070)
		... 13 more
12-Sep-2025 18:53:51.076 INFO [main] org.apache.catalina.startup.Catalina.load Server initialization in [249] milliseconds
12-Sep-2025 18:53:51.092 INFO [main] org.apache.catalina.core.StandardService.startInternal Starting service [Catalina]
12-Sep-2025 18:53:51.092 INFO [main] org.apache.catalina.core.StandardEngine.startInternal Starting Servlet engine: [Apache Tomcat/9.0.108]
12-Sep-2025 18:53:51.097 INFO [main] org.apache.catalina.startup.HostConfig.deployWAR Deploying web application archive [/Users/nguyendinhtanloc/Documents/Project/WebProject/tomCat/webapps/BusBooking.war]
12-Sep-2025 18:53:51.470 INFO [main] org.apache.jasper.servlet.TldScanner.scanJars At least one JAR was scanned for TLDs yet contained no TLDs. Enable debug logging for this logger for a complete list of JARs that were scanned but no TLDs were found in them. Skipping unneeded JARs during scanning can improve startup time and JSP compilation time.
12-Sep-2025 18:53:51.484 INFO [main] org.apache.catalina.startup.HostConfig.deployWAR Deployment of web application archive [/Users/nguyendinhtanloc/Documents/Project/WebProject/tomCat/webapps/BusBooking.war] has finished in [387] ms
12-Sep-2025 18:53:51.484 INFO [main] org.apache.catalina.startup.HostConfig.deployDirectory Deploying web application directory [/Users/nguyendinhtanloc/Documents/Project/WebProject/tomCat/webapps/docs]
12-Sep-2025 18:53:51.492 INFO [main] org.apache.catalina.startup.HostConfig.deployDirectory Deployment of web application directory [/Users/nguyendinhtanloc/Documents/Project/WebProject/tomCat/webapps/docs] has finished in [8] ms
12-Sep-2025 18:53:51.492 INFO [main] org.apache.catalina.startup.HostConfig.deployDirectory Deploying web application directory [/Users/nguyendinhtanloc/Documents/Project/WebProject/tomCat/webapps/manager]
12-Sep-2025 18:53:51.504 INFO [main] org.apache.catalina.startup.HostConfig.deployDirectory Deployment of web application directory [/Users/nguyendinhtanloc/Documents/Project/WebProject/tomCat/webapps/manager] has finished in [12] ms
12-Sep-2025 18:53:51.504 INFO [main] org.apache.catalina.startup.HostConfig.deployDirectory Deploying web application directory [/Users/nguyendinhtanloc/Documents/Project/WebProject/tomCat/webapps/examples]
12-Sep-2025 18:53:51.584 INFO [main] org.apache.catalina.startup.HostConfig.deployDirectory Deployment of web application directory [/Users/nguyendinhtanloc/Documents/Project/WebProject/tomCat/webapps/examples] has finished in [80] ms
12-Sep-2025 18:53:51.584 INFO [main] org.apache.catalina.startup.HostConfig.deployDirectory Deploying web application directory [/Users/nguyendinhtanloc/Documents/Project/WebProject/tomCat/webapps/ROOT]
12-Sep-2025 18:53:51.590 INFO [main] org.apache.catalina.startup.HostConfig.deployDirectory Deployment of web application directory [/Users/nguyendinhtanloc/Documents/Project/WebProject/tomCat/webapps/ROOT] has finished in [6] ms
12-Sep-2025 18:53:51.590 INFO [main] org.apache.catalina.startup.HostConfig.deployDirectory Deploying web application directory [/Users/nguyendinhtanloc/Documents/Project/WebProject/tomCat/webapps/host-manager]
12-Sep-2025 18:53:51.597 INFO [main] org.apache.catalina.startup.HostConfig.deployDirectory Deployment of web application directory [/Users/nguyendinhtanloc/Documents/Project/WebProject/tomCat/webapps/host-manager] has finished in [7] ms
12-Sep-2025 18:53:51.599 INFO [main] org.apache.catalina.startup.Catalina.start Server startup in [522] milliseconds
12-Sep-2025 18:53:51.601 SEVERE [main] org.apache.catalina.core.StandardServer.await Failed to create server shutdown socket on address [localhost] and port [8005] (base port [8005] and offset [0])
	java.net.BindException: Address already in use
		at java.base/sun.nio.ch.Net.bind0(Native Method)
		at java.base/sun.nio.ch.Net.bind(Net.java:555)
		at java.base/sun.nio.ch.Net.bind(Net.java:544)
		at java.base/sun.nio.ch.NioSocketImpl.bind(NioSocketImpl.java:648)
		at java.base/java.net.ServerSocket.bind(ServerSocket.java:388)
		at java.base/java.net.ServerSocket.<init>(ServerSocket.java:274)
		at org.apache.catalina.core.StandardServer.await(StandardServer.java:537)
		at org.apache.catalina.startup.Catalina.await(Catalina.java:829)
		at org.apache.catalina.startup.Catalina.start(Catalina.java:777)
		at java.base/jdk.internal.reflect.NativeMethodAccessorImpl.invoke0(Native Method)
		at java.base/jdk.internal.reflect.NativeMethodAccessorImpl.invoke(NativeMethodAccessorImpl.java:77)
		at java.base/jdk.internal.reflect.DelegatingMethodAccessorImpl.invoke(DelegatingMethodAccessorImpl.java:43)
		at java.base/java.lang.reflect.Method.invoke(Method.java:569)
		at org.apache.catalina.startup.Bootstrap.start(Bootstrap.java:345)
		at org.apache.catalina.startup.Bootstrap.main(Bootstrap.java:476)
12-Sep-2025 18:53:51.601 INFO [main] org.apache.coyote.AbstractProtocol.pause Pausing ProtocolHandler ["http-nio-8080"]
12-Sep-2025 18:53:51.601 INFO [main] org.apache.catalina.core.StandardService.stopInternal Stopping service [Catalina]
12-Sep-2025 18:53:51.611 INFO [main] org.apache.coyote.AbstractProtocol.stop Stopping ProtocolHandler ["http-nio-8080"]
12-Sep-2025 18:53:51.611 INFO [main] org.apache.coyote.AbstractProtocol.destroy Destroying ProtocolHandler ["http-nio-8080"]
12-Sep-2025 18:53:53.267 INFO [main] org.apache.catalina.core.StandardServer.await A valid shutdown command was received via the shutdown port. Stopping the Server instance.
12-Sep-2025 18:53:53.268 INFO [main] org.apache.coyote.AbstractProtocol.pause Pausing ProtocolHandler ["http-nio-8080"]
12-Sep-2025 18:53:53.270 INFO [main] org.apache.catalina.core.StandardService.stopInternal Stopping service [Catalina]
12-Sep-2025 18:53:53.279 INFO [main] org.apache.coyote.AbstractProtocol.stop Stopping ProtocolHandler ["http-nio-8080"]
12-Sep-2025 18:53:53.282 INFO [main] org.apache.coyote.AbstractProtocol.destroy Destroying ProtocolHandler ["http-nio-8080"]
NOTE: Picked up JDK_JAVA_OPTIONS:  --add-opens=java.base/java.lang=ALL-UNNAMED --add-opens=java.base/java.lang.invoke=ALL-UNNAMED --add-opens=java.base/java.lang.reflect=ALL-UNNAMED --add-opens=java.base/java.io=ALL-UNNAMED --add-opens=java.base/java.util=ALL-UNNAMED --add-opens=java.base/java.util.concurrent=ALL-UNNAMED --add-opens=java.rmi/sun.rmi.transport=ALL-UNNAMED
12-Sep-2025 18:53:57.840 INFO [main] org.apache.catalina.startup.VersionLoggerListener.log Server version name:   Apache Tomcat/9.0.108
12-Sep-2025 18:53:57.842 INFO [main] org.apache.catalina.startup.VersionLoggerListener.log Server built:          Jul 31 2025 18:19:48 UTC
12-Sep-2025 18:53:57.842 INFO [main] org.apache.catalina.startup.VersionLoggerListener.log Server version number: 9.0.108.0
12-Sep-2025 18:53:57.842 INFO [main] org.apache.catalina.startup.VersionLoggerListener.log OS Name:               Mac OS X
12-Sep-2025 18:53:57.842 INFO [main] org.apache.catalina.startup.VersionLoggerListener.log OS Version:            15.6.1
12-Sep-2025 18:53:57.842 INFO [main] org.apache.catalina.startup.VersionLoggerListener.log Architecture:          aarch64
12-Sep-2025 18:53:57.842 INFO [main] org.apache.catalina.startup.VersionLoggerListener.log Java Home:             /opt/homebrew/Cellar/openjdk@17/17.0.15/libexec/openjdk.jdk/Contents/Home
12-Sep-2025 18:53:57.842 INFO [main] org.apache.catalina.startup.VersionLoggerListener.log JVM Version:           17.0.15+0
12-Sep-2025 18:53:57.842 INFO [main] org.apache.catalina.startup.VersionLoggerListener.log JVM Vendor:            Homebrew
12-Sep-2025 18:53:57.842 INFO [main] org.apache.catalina.startup.VersionLoggerListener.log CATALINA_BASE:         /Users/nguyendinhtanloc/Documents/Project/WebProject/tomCat
12-Sep-2025 18:53:57.842 INFO [main] org.apache.catalina.startup.VersionLoggerListener.log CATALINA_HOME:         /Users/nguyendinhtanloc/Documents/Project/WebProject/tomCat
12-Sep-2025 18:53:57.847 INFO [main] org.apache.catalina.startup.VersionLoggerListener.log Command line argument: --add-opens=java.base/java.lang=ALL-UNNAMED
12-Sep-2025 18:53:57.847 INFO [main] org.apache.catalina.startup.VersionLoggerListener.log Command line argument: --add-opens=java.base/java.lang.invoke=ALL-UNNAMED
12-Sep-2025 18:53:57.847 INFO [main] org.apache.catalina.startup.VersionLoggerListener.log Command line argument: --add-opens=java.base/java.lang.reflect=ALL-UNNAMED
12-Sep-2025 18:53:57.847 INFO [main] org.apache.catalina.startup.VersionLoggerListener.log Command line argument: --add-opens=java.base/java.io=ALL-UNNAMED
12-Sep-2025 18:53:57.847 INFO [main] org.apache.catalina.startup.VersionLoggerListener.log Command line argument: --add-opens=java.base/java.util=ALL-UNNAMED
12-Sep-2025 18:53:57.847 INFO [main] org.apache.catalina.startup.VersionLoggerListener.log Command line argument: --add-opens=java.base/java.util.concurrent=ALL-UNNAMED
12-Sep-2025 18:53:57.847 INFO [main] org.apache.catalina.startup.VersionLoggerListener.log Command line argument: --add-opens=java.rmi/sun.rmi.transport=ALL-UNNAMED
12-Sep-2025 18:53:57.847 INFO [main] org.apache.catalina.startup.VersionLoggerListener.log Command line argument: -Djava.util.logging.config.file=/Users/nguyendinhtanloc/Documents/Project/WebProject/tomCat/conf/logging.properties
12-Sep-2025 18:53:57.847 INFO [main] org.apache.catalina.startup.VersionLoggerListener.log Command line argument: -Djava.util.logging.manager=org.apache.juli.ClassLoaderLogManager
12-Sep-2025 18:53:57.847 INFO [main] org.apache.catalina.startup.VersionLoggerListener.log Command line argument: -Djdk.tls.ephemeralDHKeySize=2048
12-Sep-2025 18:53:57.847 INFO [main] org.apache.catalina.startup.VersionLoggerListener.log Command line argument: -Djava.protocol.handler.pkgs=org.apache.catalina.webresources
12-Sep-2025 18:53:57.847 INFO [main] org.apache.catalina.startup.VersionLoggerListener.log Command line argument: -Dsun.io.useCanonCaches=false
12-Sep-2025 18:53:57.847 INFO [main] org.apache.catalina.startup.VersionLoggerListener.log Command line argument: -Dorg.apache.catalina.security.SecurityListener.UMASK=0027
12-Sep-2025 18:53:57.847 INFO [main] org.apache.catalina.startup.VersionLoggerListener.log Command line argument: -Dignore.endorsed.dirs=
12-Sep-2025 18:53:57.847 INFO [main] org.apache.catalina.startup.VersionLoggerListener.log Command line argument: -Dcatalina.base=/Users/nguyendinhtanloc/Documents/Project/WebProject/tomCat
12-Sep-2025 18:53:57.847 INFO [main] org.apache.catalina.startup.VersionLoggerListener.log Command line argument: -Dcatalina.home=/Users/nguyendinhtanloc/Documents/Project/WebProject/tomCat
12-Sep-2025 18:53:57.847 INFO [main] org.apache.catalina.startup.VersionLoggerListener.log Command line argument: -Djava.io.tmpdir=/Users/nguyendinhtanloc/Documents/Project/WebProject/tomCat/temp
12-Sep-2025 18:53:57.852 INFO [main] org.apache.catalina.core.AprLifecycleListener.lifecycleEvent The Apache Tomcat Native library which allows using OpenSSL was not found on the java.library.path: [/Users/nguyendinhtanloc/Library/Java/Extensions:/Library/Java/Extensions:/Network/Library/Java/Extensions:/System/Library/Java/Extensions:/usr/lib/java:.]
12-Sep-2025 18:53:57.979 INFO [main] org.apache.coyote.AbstractProtocol.init Initializing ProtocolHandler ["http-nio-8080"]
12-Sep-2025 18:53:57.991 INFO [main] org.apache.catalina.startup.Catalina.load Server initialization in [230] milliseconds
12-Sep-2025 18:53:58.004 INFO [main] org.apache.catalina.core.StandardService.startInternal Starting service [Catalina]
12-Sep-2025 18:53:58.004 INFO [main] org.apache.catalina.core.StandardEngine.startInternal Starting Servlet engine: [Apache Tomcat/9.0.108]
12-Sep-2025 18:53:58.009 INFO [main] org.apache.catalina.startup.HostConfig.deployWAR Deploying web application archive [/Users/nguyendinhtanloc/Documents/Project/WebProject/tomCat/webapps/BusBooking.war]
12-Sep-2025 18:53:58.329 INFO [main] org.apache.jasper.servlet.TldScanner.scanJars At least one JAR was scanned for TLDs yet contained no TLDs. Enable debug logging for this logger for a complete list of JARs that were scanned but no TLDs were found in them. Skipping unneeded JARs during scanning can improve startup time and JSP compilation time.
12-Sep-2025 18:53:58.345 INFO [main] org.apache.catalina.startup.HostConfig.deployWAR Deployment of web application archive [/Users/nguyendinhtanloc/Documents/Project/WebProject/tomCat/webapps/BusBooking.war] has finished in [336] ms
12-Sep-2025 18:53:58.346 INFO [main] org.apache.catalina.startup.HostConfig.deployDirectory Deploying web application directory [/Users/nguyendinhtanloc/Documents/Project/WebProject/tomCat/webapps/docs]
12-Sep-2025 18:53:58.355 INFO [main] org.apache.catalina.startup.HostConfig.deployDirectory Deployment of web application directory [/Users/nguyendinhtanloc/Documents/Project/WebProject/tomCat/webapps/docs] has finished in [8] ms
12-Sep-2025 18:53:58.355 INFO [main] org.apache.catalina.startup.HostConfig.deployDirectory Deploying web application directory [/Users/nguyendinhtanloc/Documents/Project/WebProject/tomCat/webapps/manager]
12-Sep-2025 18:53:58.366 INFO [main] org.apache.catalina.startup.HostConfig.deployDirectory Deployment of web application directory [/Users/nguyendinhtanloc/Documents/Project/WebProject/tomCat/webapps/manager] has finished in [11] ms
12-Sep-2025 18:53:58.366 INFO [main] org.apache.catalina.startup.HostConfig.deployDirectory Deploying web application directory [/Users/nguyendinhtanloc/Documents/Project/WebProject/tomCat/webapps/examples]
12-Sep-2025 18:53:58.439 INFO [main] org.apache.catalina.startup.HostConfig.deployDirectory Deployment of web application directory [/Users/nguyendinhtanloc/Documents/Project/WebProject/tomCat/webapps/examples] has finished in [73] ms
12-Sep-2025 18:53:58.439 INFO [main] org.apache.catalina.startup.HostConfig.deployDirectory Deploying web application directory [/Users/nguyendinhtanloc/Documents/Project/WebProject/tomCat/webapps/ROOT]
12-Sep-2025 18:53:58.445 INFO [main] org.apache.catalina.startup.HostConfig.deployDirectory Deployment of web application directory [/Users/nguyendinhtanloc/Documents/Project/WebProject/tomCat/webapps/ROOT] has finished in [6] ms
12-Sep-2025 18:53:58.445 INFO [main] org.apache.catalina.startup.HostConfig.deployDirectory Deploying web application directory [/Users/nguyendinhtanloc/Documents/Project/WebProject/tomCat/webapps/host-manager]
12-Sep-2025 18:53:58.451 INFO [main] org.apache.catalina.startup.HostConfig.deployDirectory Deployment of web application directory [/Users/nguyendinhtanloc/Documents/Project/WebProject/tomCat/webapps/host-manager] has finished in [6] ms
12-Sep-2025 18:53:58.453 INFO [main] org.apache.coyote.AbstractProtocol.start Starting ProtocolHandler ["http-nio-8080"]
12-Sep-2025 18:53:58.457 INFO [main] org.apache.catalina.startup.Catalina.start Server startup in [466] milliseconds
Email đã gửi tới: nttl01012000@gmail.com
Email đã gửi tới: nttl01012000@gmail.com
12-Sep-2025 19:00:08.509 INFO [main] org.apache.catalina.core.StandardServer.await A valid shutdown command was received via the shutdown port. Stopping the Server instance.
12-Sep-2025 19:00:08.510 INFO [main] org.apache.coyote.AbstractProtocol.pause Pausing ProtocolHandler ["http-nio-8080"]
12-Sep-2025 19:00:08.512 INFO [main] org.apache.catalina.core.StandardService.stopInternal Stopping service [Catalina]
12-Sep-2025 19:00:08.531 WARNING [main] org.apache.catalina.loader.WebappClassLoaderBase.clearReferencesThreads The web application [BusBooking] appears to have started a thread named [OkHttp kognqhcifxbpihjrwocg.supabase.co] but has failed to stop it. This is very likely to create a memory leak. Stack trace of thread:
 java.base@17.0.15/sun.nio.ch.Net.poll(Native Method)
 java.base@17.0.15/sun.nio.ch.NioSocketImpl.park(NioSocketImpl.java:186)
 java.base@17.0.15/sun.nio.ch.NioSocketImpl.park(NioSocketImpl.java:195)
 java.base@17.0.15/sun.nio.ch.NioSocketImpl.implRead(NioSocketImpl.java:319)
 java.base@17.0.15/sun.nio.ch.NioSocketImpl.read(NioSocketImpl.java:355)
 java.base@17.0.15/sun.nio.ch.NioSocketImpl$1.read(NioSocketImpl.java:808)
 java.base@17.0.15/java.net.Socket$SocketInputStream.read(Socket.java:966)
 java.base@17.0.15/sun.security.ssl.SSLSocketInputRecord.read(SSLSocketInputRecord.java:484)
 java.base@17.0.15/sun.security.ssl.SSLSocketInputRecord.readHeader(SSLSocketInputRecord.java:478)
 java.base@17.0.15/sun.security.ssl.SSLSocketInputRecord.bytesInCompletePacket(SSLSocketInputRecord.java:70)
 java.base@17.0.15/sun.security.ssl.SSLSocketImpl.readApplicationRecord(SSLSocketImpl.java:1465)
 java.base@17.0.15/sun.security.ssl.SSLSocketImpl$AppInputStream.read(SSLSocketImpl.java:1069)
 okio.InputStreamSource.read(JvmOkio.kt:93)
 okio.AsyncTimeout$source$1.read(AsyncTimeout.kt:128)
 okio.RealBufferedSource.request(RealBufferedSource.kt:209)
 okio.RealBufferedSource.require(RealBufferedSource.kt:202)
 okhttp3.internal.http2.Http2Reader.nextFrame(Http2Reader.kt:89)
 okhttp3.internal.http2.Http2Connection$ReaderRunnable.invoke(Http2Connection.kt:618)
 okhttp3.internal.http2.Http2Connection$ReaderRunnable.invoke(Http2Connection.kt:609)
 okhttp3.internal.concurrent.TaskQueue$execute$1.runOnce(TaskQueue.kt:98)
 okhttp3.internal.concurrent.TaskRunner.runTask(TaskRunner.kt:116)
 okhttp3.internal.concurrent.TaskRunner.access$runTask(TaskRunner.kt:42)
 okhttp3.internal.concurrent.TaskRunner$runnable$1.run(TaskRunner.kt:65)
 java.base@17.0.15/java.util.concurrent.ThreadPoolExecutor.runWorker(ThreadPoolExecutor.java:1136)
 java.base@17.0.15/java.util.concurrent.ThreadPoolExecutor$Worker.run(ThreadPoolExecutor.java:635)
 java.base@17.0.15/java.lang.Thread.run(Thread.java:840)
12-Sep-2025 19:00:08.532 WARNING [main] org.apache.catalina.loader.WebappClassLoaderBase.clearReferencesThreads The web application [BusBooking] appears to have started a thread named [OkHttp TaskRunner] but has failed to stop it. This is very likely to create a memory leak. Stack trace of thread:
 java.base@17.0.15/java.lang.Object.wait(Native Method)
 java.base@17.0.15/java.lang.Object.wait(Object.java:472)
 okhttp3.internal.concurrent.TaskRunner$RealBackend.coordinatorWait(TaskRunner.kt:294)
 okhttp3.internal.concurrent.TaskRunner.awaitTaskToRun(TaskRunner.kt:218)
 okhttp3.internal.concurrent.TaskRunner$runnable$1.run(TaskRunner.kt:59)
 java.base@17.0.15/java.util.concurrent.ThreadPoolExecutor.runWorker(ThreadPoolExecutor.java:1136)
 java.base@17.0.15/java.util.concurrent.ThreadPoolExecutor$Worker.run(ThreadPoolExecutor.java:635)
 java.base@17.0.15/java.lang.Thread.run(Thread.java:840)
12-Sep-2025 19:00:08.538 INFO [main] org.apache.coyote.AbstractProtocol.stop Stopping ProtocolHandler ["http-nio-8080"]
12-Sep-2025 19:00:08.550 INFO [main] org.apache.coyote.AbstractProtocol.destroy Destroying ProtocolHandler ["http-nio-8080"]
NOTE: Picked up JDK_JAVA_OPTIONS:  --add-opens=java.base/java.lang=ALL-UNNAMED --add-opens=java.base/java.lang.invoke=ALL-UNNAMED --add-opens=java.base/java.lang.reflect=ALL-UNNAMED --add-opens=java.base/java.io=ALL-UNNAMED --add-opens=java.base/java.util=ALL-UNNAMED --add-opens=java.base/java.util.concurrent=ALL-UNNAMED --add-opens=java.rmi/sun.rmi.transport=ALL-UNNAMED
12-Sep-2025 19:00:49.607 INFO [main] org.apache.catalina.startup.VersionLoggerListener.log Server version name:   Apache Tomcat/9.0.108
12-Sep-2025 19:00:49.609 INFO [main] org.apache.catalina.startup.VersionLoggerListener.log Server built:          Jul 31 2025 18:19:48 UTC
12-Sep-2025 19:00:49.609 INFO [main] org.apache.catalina.startup.VersionLoggerListener.log Server version number: 9.0.108.0
12-Sep-2025 19:00:49.609 INFO [main] org.apache.catalina.startup.VersionLoggerListener.log OS Name:               Mac OS X
12-Sep-2025 19:00:49.609 INFO [main] org.apache.catalina.startup.VersionLoggerListener.log OS Version:            15.6.1
12-Sep-2025 19:00:49.609 INFO [main] org.apache.catalina.startup.VersionLoggerListener.log Architecture:          aarch64
12-Sep-2025 19:00:49.609 INFO [main] org.apache.catalina.startup.VersionLoggerListener.log Java Home:             /opt/homebrew/Cellar/openjdk@17/17.0.15/libexec/openjdk.jdk/Contents/Home
12-Sep-2025 19:00:49.609 INFO [main] org.apache.catalina.startup.VersionLoggerListener.log JVM Version:           17.0.15+0
12-Sep-2025 19:00:49.609 INFO [main] org.apache.catalina.startup.VersionLoggerListener.log JVM Vendor:            Homebrew
12-Sep-2025 19:00:49.609 INFO [main] org.apache.catalina.startup.VersionLoggerListener.log CATALINA_BASE:         /Users/nguyendinhtanloc/Documents/Project/WebProject/tomCat
12-Sep-2025 19:00:49.609 INFO [main] org.apache.catalina.startup.VersionLoggerListener.log CATALINA_HOME:         /Users/nguyendinhtanloc/Documents/Project/WebProject/tomCat
12-Sep-2025 19:00:49.616 INFO [main] org.apache.catalina.startup.VersionLoggerListener.log Command line argument: --add-opens=java.base/java.lang=ALL-UNNAMED
12-Sep-2025 19:00:49.616 INFO [main] org.apache.catalina.startup.VersionLoggerListener.log Command line argument: --add-opens=java.base/java.lang.invoke=ALL-UNNAMED
12-Sep-2025 19:00:49.617 INFO [main] org.apache.catalina.startup.VersionLoggerListener.log Command line argument: --add-opens=java.base/java.lang.reflect=ALL-UNNAMED
12-Sep-2025 19:00:49.617 INFO [main] org.apache.catalina.startup.VersionLoggerListener.log Command line argument: --add-opens=java.base/java.io=ALL-UNNAMED
12-Sep-2025 19:00:49.617 INFO [main] org.apache.catalina.startup.VersionLoggerListener.log Command line argument: --add-opens=java.base/java.util=ALL-UNNAMED
12-Sep-2025 19:00:49.617 INFO [main] org.apache.catalina.startup.VersionLoggerListener.log Command line argument: --add-opens=java.base/java.util.concurrent=ALL-UNNAMED
12-Sep-2025 19:00:49.617 INFO [main] org.apache.catalina.startup.VersionLoggerListener.log Command line argument: --add-opens=java.rmi/sun.rmi.transport=ALL-UNNAMED
12-Sep-2025 19:00:49.617 INFO [main] org.apache.catalina.startup.VersionLoggerListener.log Command line argument: -Djava.util.logging.config.file=/Users/nguyendinhtanloc/Documents/Project/WebProject/tomCat/conf/logging.properties
12-Sep-2025 19:00:49.617 INFO [main] org.apache.catalina.startup.VersionLoggerListener.log Command line argument: -Djava.util.logging.manager=org.apache.juli.ClassLoaderLogManager
12-Sep-2025 19:00:49.617 INFO [main] org.apache.catalina.startup.VersionLoggerListener.log Command line argument: -Djdk.tls.ephemeralDHKeySize=2048
12-Sep-2025 19:00:49.617 INFO [main] org.apache.catalina.startup.VersionLoggerListener.log Command line argument: -Djava.protocol.handler.pkgs=org.apache.catalina.webresources
12-Sep-2025 19:00:49.617 INFO [main] org.apache.catalina.startup.VersionLoggerListener.log Command line argument: -Dsun.io.useCanonCaches=false
12-Sep-2025 19:00:49.617 INFO [main] org.apache.catalina.startup.VersionLoggerListener.log Command line argument: -Dorg.apache.catalina.security.SecurityListener.UMASK=0027
12-Sep-2025 19:00:49.617 INFO [main] org.apache.catalina.startup.VersionLoggerListener.log Command line argument: -Dignore.endorsed.dirs=
12-Sep-2025 19:00:49.617 INFO [main] org.apache.catalina.startup.VersionLoggerListener.log Command line argument: -Dcatalina.base=/Users/nguyendinhtanloc/Documents/Project/WebProject/tomCat
12-Sep-2025 19:00:49.617 INFO [main] org.apache.catalina.startup.VersionLoggerListener.log Command line argument: -Dcatalina.home=/Users/nguyendinhtanloc/Documents/Project/WebProject/tomCat
12-Sep-2025 19:00:49.617 INFO [main] org.apache.catalina.startup.VersionLoggerListener.log Command line argument: -Djava.io.tmpdir=/Users/nguyendinhtanloc/Documents/Project/WebProject/tomCat/temp
12-Sep-2025 19:00:49.622 INFO [main] org.apache.catalina.core.AprLifecycleListener.lifecycleEvent The Apache Tomcat Native library which allows using OpenSSL was not found on the java.library.path: [/Users/nguyendinhtanloc/Library/Java/Extensions:/Library/Java/Extensions:/Network/Library/Java/Extensions:/System/Library/Java/Extensions:/usr/lib/java:.]
12-Sep-2025 19:00:49.753 INFO [main] org.apache.coyote.AbstractProtocol.init Initializing ProtocolHandler ["http-nio-8080"]
12-Sep-2025 19:00:49.766 INFO [main] org.apache.catalina.startup.Catalina.load Server initialization in [246] milliseconds
12-Sep-2025 19:00:49.782 INFO [main] org.apache.catalina.core.StandardService.startInternal Starting service [Catalina]
12-Sep-2025 19:00:49.782 INFO [main] org.apache.catalina.core.StandardEngine.startInternal Starting Servlet engine: [Apache Tomcat/9.0.108]
12-Sep-2025 19:00:49.787 INFO [main] org.apache.catalina.startup.HostConfig.deployWAR Deploying web application archive [/Users/nguyendinhtanloc/Documents/Project/WebProject/tomCat/webapps/BusBooking.war]
12-Sep-2025 19:00:49.793 INFO [main] org.apache.catalina.startup.ExpandWar.expand An expanded directory [/Users/nguyendinhtanloc/Documents/Project/WebProject/tomCat/webapps/BusBooking] was found with a last modified time that did not match the associated WAR. It will be deleted.
12-Sep-2025 19:00:50.225 INFO [main] org.apache.jasper.servlet.TldScanner.scanJars At least one JAR was scanned for TLDs yet contained no TLDs. Enable debug logging for this logger for a complete list of JARs that were scanned but no TLDs were found in them. Skipping unneeded JARs during scanning can improve startup time and JSP compilation time.
12-Sep-2025 19:00:50.245 INFO [main] org.apache.catalina.startup.HostConfig.deployWAR Deployment of web application archive [/Users/nguyendinhtanloc/Documents/Project/WebProject/tomCat/webapps/BusBooking.war] has finished in [458] ms
12-Sep-2025 19:00:50.246 INFO [main] org.apache.catalina.startup.HostConfig.deployDirectory Deploying web application directory [/Users/nguyendinhtanloc/Documents/Project/WebProject/tomCat/webapps/docs]
12-Sep-2025 19:00:50.254 INFO [main] org.apache.catalina.startup.HostConfig.deployDirectory Deployment of web application directory [/Users/nguyendinhtanloc/Documents/Project/WebProject/tomCat/webapps/docs] has finished in [8] ms
12-Sep-2025 19:00:50.254 INFO [main] org.apache.catalina.startup.HostConfig.deployDirectory Deploying web application directory [/Users/nguyendinhtanloc/Documents/Project/WebProject/tomCat/webapps/manager]
12-Sep-2025 19:00:50.266 INFO [main] org.apache.catalina.startup.HostConfig.deployDirectory Deployment of web application directory [/Users/nguyendinhtanloc/Documents/Project/WebProject/tomCat/webapps/manager] has finished in [12] ms
12-Sep-2025 19:00:50.266 INFO [main] org.apache.catalina.startup.HostConfig.deployDirectory Deploying web application directory [/Users/nguyendinhtanloc/Documents/Project/WebProject/tomCat/webapps/examples]
12-Sep-2025 19:00:50.351 INFO [main] org.apache.catalina.startup.HostConfig.deployDirectory Deployment of web application directory [/Users/nguyendinhtanloc/Documents/Project/WebProject/tomCat/webapps/examples] has finished in [85] ms
12-Sep-2025 19:00:50.351 INFO [main] org.apache.catalina.startup.HostConfig.deployDirectory Deploying web application directory [/Users/nguyendinhtanloc/Documents/Project/WebProject/tomCat/webapps/ROOT]
12-Sep-2025 19:00:50.356 INFO [main] org.apache.catalina.startup.HostConfig.deployDirectory Deployment of web application directory [/Users/nguyendinhtanloc/Documents/Project/WebProject/tomCat/webapps/ROOT] has finished in [5] ms
12-Sep-2025 19:00:50.357 INFO [main] org.apache.catalina.startup.HostConfig.deployDirectory Deploying web application directory [/Users/nguyendinhtanloc/Documents/Project/WebProject/tomCat/webapps/host-manager]
12-Sep-2025 19:00:50.364 INFO [main] org.apache.catalina.startup.HostConfig.deployDirectory Deployment of web application directory [/Users/nguyendinhtanloc/Documents/Project/WebProject/tomCat/webapps/host-manager] has finished in [8] ms
12-Sep-2025 19:00:50.365 INFO [main] org.apache.coyote.AbstractProtocol.start Starting ProtocolHandler ["http-nio-8080"]
12-Sep-2025 19:00:50.370 INFO [main] org.apache.catalina.startup.Catalina.start Server startup in [603] milliseconds
12-Sep-2025 19:00:51.096 INFO [main] org.apache.catalina.core.StandardServer.await A valid shutdown command was received via the shutdown port. Stopping the Server instance.
12-Sep-2025 19:00:51.096 INFO [main] org.apache.coyote.AbstractProtocol.pause Pausing ProtocolHandler ["http-nio-8080"]
12-Sep-2025 19:00:51.098 INFO [main] org.apache.catalina.core.StandardService.stopInternal Stopping service [Catalina]
12-Sep-2025 19:00:51.111 INFO [main] org.apache.coyote.AbstractProtocol.stop Stopping ProtocolHandler ["http-nio-8080"]
12-Sep-2025 19:00:51.122 INFO [main] org.apache.coyote.AbstractProtocol.destroy Destroying ProtocolHandler ["http-nio-8080"]
NOTE: Picked up JDK_JAVA_OPTIONS:  --add-opens=java.base/java.lang=ALL-UNNAMED --add-opens=java.base/java.lang.invoke=ALL-UNNAMED --add-opens=java.base/java.lang.reflect=ALL-UNNAMED --add-opens=java.base/java.io=ALL-UNNAMED --add-opens=java.base/java.util=ALL-UNNAMED --add-opens=java.base/java.util.concurrent=ALL-UNNAMED --add-opens=java.rmi/sun.rmi.transport=ALL-UNNAMED
12-Sep-2025 19:00:52.540 INFO [main] org.apache.catalina.startup.VersionLoggerListener.log Server version name:   Apache Tomcat/9.0.108
12-Sep-2025 19:00:52.542 INFO [main] org.apache.catalina.startup.VersionLoggerListener.log Server built:          Jul 31 2025 18:19:48 UTC
12-Sep-2025 19:00:52.542 INFO [main] org.apache.catalina.startup.VersionLoggerListener.log Server version number: 9.0.108.0
12-Sep-2025 19:00:52.542 INFO [main] org.apache.catalina.startup.VersionLoggerListener.log OS Name:               Mac OS X
12-Sep-2025 19:00:52.542 INFO [main] org.apache.catalina.startup.VersionLoggerListener.log OS Version:            15.6.1
12-Sep-2025 19:00:52.542 INFO [main] org.apache.catalina.startup.VersionLoggerListener.log Architecture:          aarch64
12-Sep-2025 19:00:52.542 INFO [main] org.apache.catalina.startup.VersionLoggerListener.log Java Home:             /opt/homebrew/Cellar/openjdk@17/17.0.15/libexec/openjdk.jdk/Contents/Home
12-Sep-2025 19:00:52.542 INFO [main] org.apache.catalina.startup.VersionLoggerListener.log JVM Version:           17.0.15+0
12-Sep-2025 19:00:52.542 INFO [main] org.apache.catalina.startup.VersionLoggerListener.log JVM Vendor:            Homebrew
12-Sep-2025 19:00:52.542 INFO [main] org.apache.catalina.startup.VersionLoggerListener.log CATALINA_BASE:         /Users/nguyendinhtanloc/Documents/Project/WebProject/tomCat
12-Sep-2025 19:00:52.542 INFO [main] org.apache.catalina.startup.VersionLoggerListener.log CATALINA_HOME:         /Users/nguyendinhtanloc/Documents/Project/WebProject/tomCat
12-Sep-2025 19:00:52.546 INFO [main] org.apache.catalina.startup.VersionLoggerListener.log Command line argument: --add-opens=java.base/java.lang=ALL-UNNAMED
12-Sep-2025 19:00:52.546 INFO [main] org.apache.catalina.startup.VersionLoggerListener.log Command line argument: --add-opens=java.base/java.lang.invoke=ALL-UNNAMED
12-Sep-2025 19:00:52.546 INFO [main] org.apache.catalina.startup.VersionLoggerListener.log Command line argument: --add-opens=java.base/java.lang.reflect=ALL-UNNAMED
12-Sep-2025 19:00:52.546 INFO [main] org.apache.catalina.startup.VersionLoggerListener.log Command line argument: --add-opens=java.base/java.io=ALL-UNNAMED
12-Sep-2025 19:00:52.546 INFO [main] org.apache.catalina.startup.VersionLoggerListener.log Command line argument: --add-opens=java.base/java.util=ALL-UNNAMED
12-Sep-2025 19:00:52.546 INFO [main] org.apache.catalina.startup.VersionLoggerListener.log Command line argument: --add-opens=java.base/java.util.concurrent=ALL-UNNAMED
12-Sep-2025 19:00:52.546 INFO [main] org.apache.catalina.startup.VersionLoggerListener.log Command line argument: --add-opens=java.rmi/sun.rmi.transport=ALL-UNNAMED
12-Sep-2025 19:00:52.547 INFO [main] org.apache.catalina.startup.VersionLoggerListener.log Command line argument: -Djava.util.logging.config.file=/Users/nguyendinhtanloc/Documents/Project/WebProject/tomCat/conf/logging.properties
12-Sep-2025 19:00:52.547 INFO [main] org.apache.catalina.startup.VersionLoggerListener.log Command line argument: -Djava.util.logging.manager=org.apache.juli.ClassLoaderLogManager
12-Sep-2025 19:00:52.547 INFO [main] org.apache.catalina.startup.VersionLoggerListener.log Command line argument: -Djdk.tls.ephemeralDHKeySize=2048
12-Sep-2025 19:00:52.547 INFO [main] org.apache.catalina.startup.VersionLoggerListener.log Command line argument: -Djava.protocol.handler.pkgs=org.apache.catalina.webresources
12-Sep-2025 19:00:52.547 INFO [main] org.apache.catalina.startup.VersionLoggerListener.log Command line argument: -Dsun.io.useCanonCaches=false
12-Sep-2025 19:00:52.547 INFO [main] org.apache.catalina.startup.VersionLoggerListener.log Command line argument: -Dorg.apache.catalina.security.SecurityListener.UMASK=0027
12-Sep-2025 19:00:52.547 INFO [main] org.apache.catalina.startup.VersionLoggerListener.log Command line argument: -Dignore.endorsed.dirs=
12-Sep-2025 19:00:52.547 INFO [main] org.apache.catalina.startup.VersionLoggerListener.log Command line argument: -Dcatalina.base=/Users/nguyendinhtanloc/Documents/Project/WebProject/tomCat
12-Sep-2025 19:00:52.547 INFO [main] org.apache.catalina.startup.VersionLoggerListener.log Command line argument: -Dcatalina.home=/Users/nguyendinhtanloc/Documents/Project/WebProject/tomCat
12-Sep-2025 19:00:52.547 INFO [main] org.apache.catalina.startup.VersionLoggerListener.log Command line argument: -Djava.io.tmpdir=/Users/nguyendinhtanloc/Documents/Project/WebProject/tomCat/temp
12-Sep-2025 19:00:52.551 INFO [main] org.apache.catalina.core.AprLifecycleListener.lifecycleEvent The Apache Tomcat Native library which allows using OpenSSL was not found on the java.library.path: [/Users/nguyendinhtanloc/Library/Java/Extensions:/Library/Java/Extensions:/Network/Library/Java/Extensions:/System/Library/Java/Extensions:/usr/lib/java:.]
12-Sep-2025 19:00:52.677 INFO [main] org.apache.coyote.AbstractProtocol.init Initializing ProtocolHandler ["http-nio-8080"]
12-Sep-2025 19:00:52.688 INFO [main] org.apache.catalina.startup.Catalina.load Server initialization in [222] milliseconds
12-Sep-2025 19:00:52.702 INFO [main] org.apache.catalina.core.StandardService.startInternal Starting service [Catalina]
12-Sep-2025 19:00:52.702 INFO [main] org.apache.catalina.core.StandardEngine.startInternal Starting Servlet engine: [Apache Tomcat/9.0.108]
12-Sep-2025 19:00:52.706 INFO [main] org.apache.catalina.startup.HostConfig.deployWAR Deploying web application archive [/Users/nguyendinhtanloc/Documents/Project/WebProject/tomCat/webapps/BusBooking.war]
12-Sep-2025 19:00:53.027 INFO [main] org.apache.jasper.servlet.TldScanner.scanJars At least one JAR was scanned for TLDs yet contained no TLDs. Enable debug logging for this logger for a complete list of JARs that were scanned but no TLDs were found in them. Skipping unneeded JARs during scanning can improve startup time and JSP compilation time.
12-Sep-2025 19:00:53.046 INFO [main] org.apache.catalina.startup.HostConfig.deployWAR Deployment of web application archive [/Users/nguyendinhtanloc/Documents/Project/WebProject/tomCat/webapps/BusBooking.war] has finished in [339] ms
12-Sep-2025 19:00:53.046 INFO [main] org.apache.catalina.startup.HostConfig.deployDirectory Deploying web application directory [/Users/nguyendinhtanloc/Documents/Project/WebProject/tomCat/webapps/docs]
12-Sep-2025 19:00:53.056 INFO [main] org.apache.catalina.startup.HostConfig.deployDirectory Deployment of web application directory [/Users/nguyendinhtanloc/Documents/Project/WebProject/tomCat/webapps/docs] has finished in [10] ms
12-Sep-2025 19:00:53.056 INFO [main] org.apache.catalina.startup.HostConfig.deployDirectory Deploying web application directory [/Users/nguyendinhtanloc/Documents/Project/WebProject/tomCat/webapps/manager]
12-Sep-2025 19:00:53.067 INFO [main] org.apache.catalina.startup.HostConfig.deployDirectory Deployment of web application directory [/Users/nguyendinhtanloc/Documents/Project/WebProject/tomCat/webapps/manager] has finished in [11] ms
12-Sep-2025 19:00:53.068 INFO [main] org.apache.catalina.startup.HostConfig.deployDirectory Deploying web application directory [/Users/nguyendinhtanloc/Documents/Project/WebProject/tomCat/webapps/examples]
12-Sep-2025 19:00:53.129 INFO [main] org.apache.catalina.startup.HostConfig.deployDirectory Deployment of web application directory [/Users/nguyendinhtanloc/Documents/Project/WebProject/tomCat/webapps/examples] has finished in [62] ms
12-Sep-2025 19:00:53.129 INFO [main] org.apache.catalina.startup.HostConfig.deployDirectory Deploying web application directory [/Users/nguyendinhtanloc/Documents/Project/WebProject/tomCat/webapps/ROOT]
12-Sep-2025 19:00:53.138 INFO [main] org.apache.catalina.startup.HostConfig.deployDirectory Deployment of web application directory [/Users/nguyendinhtanloc/Documents/Project/WebProject/tomCat/webapps/ROOT] has finished in [9] ms
12-Sep-2025 19:00:53.138 INFO [main] org.apache.catalina.startup.HostConfig.deployDirectory Deploying web application directory [/Users/nguyendinhtanloc/Documents/Project/WebProject/tomCat/webapps/host-manager]
12-Sep-2025 19:00:53.150 INFO [main] org.apache.catalina.startup.HostConfig.deployDirectory Deployment of web application directory [/Users/nguyendinhtanloc/Documents/Project/WebProject/tomCat/webapps/host-manager] has finished in [12] ms
12-Sep-2025 19:00:53.152 INFO [main] org.apache.coyote.AbstractProtocol.start Starting ProtocolHandler ["http-nio-8080"]
12-Sep-2025 19:00:53.157 INFO [main] org.apache.catalina.startup.Catalina.start Server startup in [468] milliseconds
Email đã gửi tới: nttl01012000@gmail.com
==================== DEBUG OTP ====================
OTP người dùng nhập: '109998'
OTP đúng trong session: '109998'
===================================================
==> KẾT QUẢ: OTP TRÙNG KHỚP!
Email đã gửi tới: nttl01012000@gmail.com
13-Sep-2025 12:27:48.396 INFO [Catalina-utility-2] org.apache.catalina.startup.HostConfig.undeploy Undeploying context [/BusBooking]
13-Sep-2025 12:29:08.499 INFO [Catalina-utility-2] org.apache.catalina.startup.HostConfig.deployWAR Deploying web application archive [/Users/nguyendinhtanloc/Documents/Project/WebProject/tomCat/webapps/BusBooking.war]
13-Sep-2025 12:29:08.809 INFO [Catalina-utility-2] org.apache.jasper.servlet.TldScanner.scanJars At least one JAR was scanned for TLDs yet contained no TLDs. Enable debug logging for this logger for a complete list of JARs that were scanned but no TLDs were found in them. Skipping unneeded JARs during scanning can improve startup time and JSP compilation time.
13-Sep-2025 12:29:08.814 INFO [Catalina-utility-2] org.apache.catalina.startup.HostConfig.deployWAR Deployment of web application archive [/Users/nguyendinhtanloc/Documents/Project/WebProject/tomCat/webapps/BusBooking.war] has finished in [315] ms
NOTE: Picked up JDK_JAVA_OPTIONS:  --add-opens=java.base/java.lang=ALL-UNNAMED --add-opens=java.base/java.lang.invoke=ALL-UNNAMED --add-opens=java.base/java.lang.reflect=ALL-UNNAMED --add-opens=java.base/java.io=ALL-UNNAMED --add-opens=java.base/java.util=ALL-UNNAMED --add-opens=java.base/java.util.concurrent=ALL-UNNAMED --add-opens=java.rmi/sun.rmi.transport=ALL-UNNAMED
13-Sep-2025 12:29:11.415 INFO [main] org.apache.catalina.startup.VersionLoggerListener.log Server version name:   Apache Tomcat/9.0.108
13-Sep-2025 12:29:11.417 INFO [main] org.apache.catalina.startup.VersionLoggerListener.log Server built:          Jul 31 2025 18:19:48 UTC
13-Sep-2025 12:29:11.418 INFO [main] org.apache.catalina.startup.VersionLoggerListener.log Server version number: 9.0.108.0
13-Sep-2025 12:29:11.418 INFO [main] org.apache.catalina.startup.VersionLoggerListener.log OS Name:               Mac OS X
13-Sep-2025 12:29:11.418 INFO [main] org.apache.catalina.startup.VersionLoggerListener.log OS Version:            15.6.1
13-Sep-2025 12:29:11.418 INFO [main] org.apache.catalina.startup.VersionLoggerListener.log Architecture:          aarch64
13-Sep-2025 12:29:11.418 INFO [main] org.apache.catalina.startup.VersionLoggerListener.log Java Home:             /opt/homebrew/Cellar/openjdk@17/17.0.15/libexec/openjdk.jdk/Contents/Home
13-Sep-2025 12:29:11.418 INFO [main] org.apache.catalina.startup.VersionLoggerListener.log JVM Version:           17.0.15+0
13-Sep-2025 12:29:11.418 INFO [main] org.apache.catalina.startup.VersionLoggerListener.log JVM Vendor:            Homebrew
13-Sep-2025 12:29:11.418 INFO [main] org.apache.catalina.startup.VersionLoggerListener.log CATALINA_BASE:         /Users/nguyendinhtanloc/Documents/Project/WebProject/tomCat
13-Sep-2025 12:29:11.418 INFO [main] org.apache.catalina.startup.VersionLoggerListener.log CATALINA_HOME:         /Users/nguyendinhtanloc/Documents/Project/WebProject/tomCat
13-Sep-2025 12:29:11.425 INFO [main] org.apache.catalina.startup.VersionLoggerListener.log Command line argument: --add-opens=java.base/java.lang=ALL-UNNAMED
13-Sep-2025 12:29:11.425 INFO [main] org.apache.catalina.startup.VersionLoggerListener.log Command line argument: --add-opens=java.base/java.lang.invoke=ALL-UNNAMED
13-Sep-2025 12:29:11.425 INFO [main] org.apache.catalina.startup.VersionLoggerListener.log Command line argument: --add-opens=java.base/java.lang.reflect=ALL-UNNAMED
13-Sep-2025 12:29:11.425 INFO [main] org.apache.catalina.startup.VersionLoggerListener.log Command line argument: --add-opens=java.base/java.io=ALL-UNNAMED
13-Sep-2025 12:29:11.425 INFO [main] org.apache.catalina.startup.VersionLoggerListener.log Command line argument: --add-opens=java.base/java.util=ALL-UNNAMED
13-Sep-2025 12:29:11.425 INFO [main] org.apache.catalina.startup.VersionLoggerListener.log Command line argument: --add-opens=java.base/java.util.concurrent=ALL-UNNAMED
13-Sep-2025 12:29:11.425 INFO [main] org.apache.catalina.startup.VersionLoggerListener.log Command line argument: --add-opens=java.rmi/sun.rmi.transport=ALL-UNNAMED
13-Sep-2025 12:29:11.425 INFO [main] org.apache.catalina.startup.VersionLoggerListener.log Command line argument: -Djava.util.logging.config.file=/Users/nguyendinhtanloc/Documents/Project/WebProject/tomCat/conf/logging.properties
13-Sep-2025 12:29:11.425 INFO [main] org.apache.catalina.startup.VersionLoggerListener.log Command line argument: -Djava.util.logging.manager=org.apache.juli.ClassLoaderLogManager
13-Sep-2025 12:29:11.425 INFO [main] org.apache.catalina.startup.VersionLoggerListener.log Command line argument: -Djdk.tls.ephemeralDHKeySize=2048
13-Sep-2025 12:29:11.425 INFO [main] org.apache.catalina.startup.VersionLoggerListener.log Command line argument: -Djava.protocol.handler.pkgs=org.apache.catalina.webresources
13-Sep-2025 12:29:11.425 INFO [main] org.apache.catalina.startup.VersionLoggerListener.log Command line argument: -Dsun.io.useCanonCaches=false
13-Sep-2025 12:29:11.425 INFO [main] org.apache.catalina.startup.VersionLoggerListener.log Command line argument: -Dorg.apache.catalina.security.SecurityListener.UMASK=0027
13-Sep-2025 12:29:11.425 INFO [main] org.apache.catalina.startup.VersionLoggerListener.log Command line argument: -Dignore.endorsed.dirs=
13-Sep-2025 12:29:11.426 INFO [main] org.apache.catalina.startup.VersionLoggerListener.log Command line argument: -Dcatalina.base=/Users/nguyendinhtanloc/Documents/Project/WebProject/tomCat
13-Sep-2025 12:29:11.426 INFO [main] org.apache.catalina.startup.VersionLoggerListener.log Command line argument: -Dcatalina.home=/Users/nguyendinhtanloc/Documents/Project/WebProject/tomCat
13-Sep-2025 12:29:11.426 INFO [main] org.apache.catalina.startup.VersionLoggerListener.log Command line argument: -Djava.io.tmpdir=/Users/nguyendinhtanloc/Documents/Project/WebProject/tomCat/temp
13-Sep-2025 12:29:11.431 INFO [main] org.apache.catalina.core.AprLifecycleListener.lifecycleEvent The Apache Tomcat Native library which allows using OpenSSL was not found on the java.library.path: [/Users/nguyendinhtanloc/Library/Java/Extensions:/Library/Java/Extensions:/Network/Library/Java/Extensions:/System/Library/Java/Extensions:/usr/lib/java:.]
13-Sep-2025 12:29:11.562 INFO [main] org.apache.coyote.AbstractProtocol.init Initializing ProtocolHandler ["http-nio-8080"]
13-Sep-2025 12:29:11.573 SEVERE [main] org.apache.catalina.util.LifecycleBase.handleSubClassException Failed to initialize component [Connector["http-nio-8080"]]
	org.apache.catalina.LifecycleException: Protocol handler initialization failed
		at org.apache.catalina.connector.Connector.initInternal(Connector.java:1072)
		at org.apache.catalina.util.LifecycleBase.init(LifecycleBase.java:122)
		at org.apache.catalina.core.StandardService.initInternal(StandardService.java:522)
		at org.apache.catalina.util.LifecycleBase.init(LifecycleBase.java:122)
		at org.apache.catalina.core.StandardServer.initInternal(StandardServer.java:986)
		at org.apache.catalina.util.LifecycleBase.init(LifecycleBase.java:122)
		at org.apache.catalina.startup.Catalina.load(Catalina.java:690)
		at org.apache.catalina.startup.Catalina.load(Catalina.java:713)
		at java.base/jdk.internal.reflect.NativeMethodAccessorImpl.invoke0(Native Method)
		at java.base/jdk.internal.reflect.NativeMethodAccessorImpl.invoke(NativeMethodAccessorImpl.java:77)
		at java.base/jdk.internal.reflect.DelegatingMethodAccessorImpl.invoke(DelegatingMethodAccessorImpl.java:43)
		at java.base/java.lang.reflect.Method.invoke(Method.java:569)
		at org.apache.catalina.startup.Bootstrap.load(Bootstrap.java:302)
		at org.apache.catalina.startup.Bootstrap.main(Bootstrap.java:475)
	Caused by: java.net.BindException: Address already in use
		at java.base/sun.nio.ch.Net.bind0(Native Method)
		at java.base/sun.nio.ch.Net.bind(Net.java:555)
		at java.base/sun.nio.ch.ServerSocketChannelImpl.netBind(ServerSocketChannelImpl.java:337)
		at java.base/sun.nio.ch.ServerSocketChannelImpl.bind(ServerSocketChannelImpl.java:294)
		at org.apache.tomcat.util.net.NioEndpoint.initServerSocket(NioEndpoint.java:298)
		at org.apache.tomcat.util.net.NioEndpoint.bind(NioEndpoint.java:253)
		at org.apache.tomcat.util.net.AbstractEndpoint.bindWithCleanup(AbstractEndpoint.java:1465)
		at org.apache.tomcat.util.net.AbstractEndpoint.init(AbstractEndpoint.java:1478)
		at org.apache.coyote.AbstractProtocol.init(AbstractProtocol.java:663)
		at org.apache.coyote.http11.AbstractHttp11Protocol.init(AbstractHttp11Protocol.java:80)
		at org.apache.catalina.connector.Connector.initInternal(Connector.java:1070)
		... 13 more
13-Sep-2025 12:29:11.573 INFO [main] org.apache.catalina.startup.Catalina.load Server initialization in [250] milliseconds
13-Sep-2025 12:29:11.594 INFO [main] org.apache.catalina.core.StandardService.startInternal Starting service [Catalina]
13-Sep-2025 12:29:11.594 INFO [main] org.apache.catalina.core.StandardEngine.startInternal Starting Servlet engine: [Apache Tomcat/9.0.108]
13-Sep-2025 12:29:11.599 INFO [main] org.apache.catalina.startup.HostConfig.deployWAR Deploying web application archive [/Users/nguyendinhtanloc/Documents/Project/WebProject/tomCat/webapps/BusBooking.war]
13-Sep-2025 12:29:11.968 INFO [main] org.apache.jasper.servlet.TldScanner.scanJars At least one JAR was scanned for TLDs yet contained no TLDs. Enable debug logging for this logger for a complete list of JARs that were scanned but no TLDs were found in them. Skipping unneeded JARs during scanning can improve startup time and JSP compilation time.
13-Sep-2025 12:29:11.983 INFO [main] org.apache.catalina.startup.HostConfig.deployWAR Deployment of web application archive [/Users/nguyendinhtanloc/Documents/Project/WebProject/tomCat/webapps/BusBooking.war] has finished in [384] ms
13-Sep-2025 12:29:11.984 INFO [main] org.apache.catalina.startup.HostConfig.deployDirectory Deploying web application directory [/Users/nguyendinhtanloc/Documents/Project/WebProject/tomCat/webapps/docs]
13-Sep-2025 12:29:11.992 INFO [main] org.apache.catalina.startup.HostConfig.deployDirectory Deployment of web application directory [/Users/nguyendinhtanloc/Documents/Project/WebProject/tomCat/webapps/docs] has finished in [8] ms
13-Sep-2025 12:29:11.992 INFO [main] org.apache.catalina.startup.HostConfig.deployDirectory Deploying web application directory [/Users/nguyendinhtanloc/Documents/Project/WebProject/tomCat/webapps/manager]
13-Sep-2025 12:29:12.004 INFO [main] org.apache.catalina.startup.HostConfig.deployDirectory Deployment of web application directory [/Users/nguyendinhtanloc/Documents/Project/WebProject/tomCat/webapps/manager] has finished in [12] ms
13-Sep-2025 12:29:12.004 INFO [main] org.apache.catalina.startup.HostConfig.deployDirectory Deploying web application directory [/Users/nguyendinhtanloc/Documents/Project/WebProject/tomCat/webapps/examples]
13-Sep-2025 12:29:12.083 INFO [main] org.apache.catalina.startup.HostConfig.deployDirectory Deployment of web application directory [/Users/nguyendinhtanloc/Documents/Project/WebProject/tomCat/webapps/examples] has finished in [79] ms
13-Sep-2025 12:29:12.083 INFO [main] org.apache.catalina.startup.HostConfig.deployDirectory Deploying web application directory [/Users/nguyendinhtanloc/Documents/Project/WebProject/tomCat/webapps/ROOT]
13-Sep-2025 12:29:12.089 INFO [main] org.apache.catalina.startup.HostConfig.deployDirectory Deployment of web application directory [/Users/nguyendinhtanloc/Documents/Project/WebProject/tomCat/webapps/ROOT] has finished in [6] ms
13-Sep-2025 12:29:12.089 INFO [main] org.apache.catalina.startup.HostConfig.deployDirectory Deploying web application directory [/Users/nguyendinhtanloc/Documents/Project/WebProject/tomCat/webapps/host-manager]
13-Sep-2025 12:29:12.096 INFO [main] org.apache.catalina.startup.HostConfig.deployDirectory Deployment of web application directory [/Users/nguyendinhtanloc/Documents/Project/WebProject/tomCat/webapps/host-manager] has finished in [7] ms
13-Sep-2025 12:29:12.097 INFO [main] org.apache.catalina.startup.Catalina.start Server startup in [523] milliseconds
13-Sep-2025 12:29:12.100 SEVERE [main] org.apache.catalina.core.StandardServer.await Failed to create server shutdown socket on address [localhost] and port [8005] (base port [8005] and offset [0])
	java.net.BindException: Address already in use
		at java.base/sun.nio.ch.Net.bind0(Native Method)
		at java.base/sun.nio.ch.Net.bind(Net.java:555)
		at java.base/sun.nio.ch.Net.bind(Net.java:544)
		at java.base/sun.nio.ch.NioSocketImpl.bind(NioSocketImpl.java:648)
		at java.base/java.net.ServerSocket.bind(ServerSocket.java:388)
		at java.base/java.net.ServerSocket.<init>(ServerSocket.java:274)
		at org.apache.catalina.core.StandardServer.await(StandardServer.java:537)
		at org.apache.catalina.startup.Catalina.await(Catalina.java:829)
		at org.apache.catalina.startup.Catalina.start(Catalina.java:777)
		at java.base/jdk.internal.reflect.NativeMethodAccessorImpl.invoke0(Native Method)
		at java.base/jdk.internal.reflect.NativeMethodAccessorImpl.invoke(NativeMethodAccessorImpl.java:77)
		at java.base/jdk.internal.reflect.DelegatingMethodAccessorImpl.invoke(DelegatingMethodAccessorImpl.java:43)
		at java.base/java.lang.reflect.Method.invoke(Method.java:569)
		at org.apache.catalina.startup.Bootstrap.start(Bootstrap.java:345)
		at org.apache.catalina.startup.Bootstrap.main(Bootstrap.java:476)
13-Sep-2025 12:29:12.100 INFO [main] org.apache.coyote.AbstractProtocol.pause Pausing ProtocolHandler ["http-nio-8080"]
13-Sep-2025 12:29:12.100 INFO [main] org.apache.catalina.core.StandardService.stopInternal Stopping service [Catalina]
13-Sep-2025 12:29:12.109 INFO [main] org.apache.coyote.AbstractProtocol.stop Stopping ProtocolHandler ["http-nio-8080"]
13-Sep-2025 12:29:12.110 INFO [main] org.apache.coyote.AbstractProtocol.destroy Destroying ProtocolHandler ["http-nio-8080"]
13-Sep-2025 12:29:12.758 INFO [main] org.apache.catalina.core.StandardServer.await A valid shutdown command was received via the shutdown port. Stopping the Server instance.
13-Sep-2025 12:29:12.759 INFO [main] org.apache.coyote.AbstractProtocol.pause Pausing ProtocolHandler ["http-nio-8080"]
13-Sep-2025 12:29:13.762 INFO [main] org.apache.catalina.core.StandardService.stopInternal Stopping service [Catalina]
13-Sep-2025 12:29:13.782 INFO [main] org.apache.coyote.AbstractProtocol.stop Stopping ProtocolHandler ["http-nio-8080"]
NOTE: Picked up JDK_JAVA_OPTIONS:  --add-opens=java.base/java.lang=ALL-UNNAMED --add-opens=java.base/java.lang.invoke=ALL-UNNAMED --add-opens=java.base/java.lang.reflect=ALL-UNNAMED --add-opens=java.base/java.io=ALL-UNNAMED --add-opens=java.base/java.util=ALL-UNNAMED --add-opens=java.base/java.util.concurrent=ALL-UNNAMED --add-opens=java.rmi/sun.rmi.transport=ALL-UNNAMED
13-Sep-2025 12:29:14.385 WARNING [main] org.apache.tomcat.util.net.Acceptor.stopMillis The acceptor thread [http-nio-8080-Acceptor] did not stop cleanly
13-Sep-2025 12:29:14.387 INFO [main] org.apache.coyote.AbstractProtocol.destroy Destroying ProtocolHandler ["http-nio-8080"]
13-Sep-2025 12:29:14.438 INFO [main] org.apache.catalina.startup.VersionLoggerListener.log Server version name:   Apache Tomcat/9.0.108
13-Sep-2025 12:29:14.440 INFO [main] org.apache.catalina.startup.VersionLoggerListener.log Server built:          Jul 31 2025 18:19:48 UTC
13-Sep-2025 12:29:14.440 INFO [main] org.apache.catalina.startup.VersionLoggerListener.log Server version number: 9.0.108.0
13-Sep-2025 12:29:14.440 INFO [main] org.apache.catalina.startup.VersionLoggerListener.log OS Name:               Mac OS X
13-Sep-2025 12:29:14.440 INFO [main] org.apache.catalina.startup.VersionLoggerListener.log OS Version:            15.6.1
13-Sep-2025 12:29:14.440 INFO [main] org.apache.catalina.startup.VersionLoggerListener.log Architecture:          aarch64
13-Sep-2025 12:29:14.440 INFO [main] org.apache.catalina.startup.VersionLoggerListener.log Java Home:             /opt/homebrew/Cellar/openjdk@17/17.0.15/libexec/openjdk.jdk/Contents/Home
13-Sep-2025 12:29:14.440 INFO [main] org.apache.catalina.startup.VersionLoggerListener.log JVM Version:           17.0.15+0
13-Sep-2025 12:29:14.440 INFO [main] org.apache.catalina.startup.VersionLoggerListener.log JVM Vendor:            Homebrew
13-Sep-2025 12:29:14.441 INFO [main] org.apache.catalina.startup.VersionLoggerListener.log CATALINA_BASE:         /Users/nguyendinhtanloc/Documents/Project/WebProject/tomCat
13-Sep-2025 12:29:14.441 INFO [main] org.apache.catalina.startup.VersionLoggerListener.log CATALINA_HOME:         /Users/nguyendinhtanloc/Documents/Project/WebProject/tomCat
13-Sep-2025 12:29:14.445 INFO [main] org.apache.catalina.startup.VersionLoggerListener.log Command line argument: --add-opens=java.base/java.lang=ALL-UNNAMED
13-Sep-2025 12:29:14.445 INFO [main] org.apache.catalina.startup.VersionLoggerListener.log Command line argument: --add-opens=java.base/java.lang.invoke=ALL-UNNAMED
13-Sep-2025 12:29:14.445 INFO [main] org.apache.catalina.startup.VersionLoggerListener.log Command line argument: --add-opens=java.base/java.lang.reflect=ALL-UNNAMED
13-Sep-2025 12:29:14.445 INFO [main] org.apache.catalina.startup.VersionLoggerListener.log Command line argument: --add-opens=java.base/java.io=ALL-UNNAMED
13-Sep-2025 12:29:14.445 INFO [main] org.apache.catalina.startup.VersionLoggerListener.log Command line argument: --add-opens=java.base/java.util=ALL-UNNAMED
13-Sep-2025 12:29:14.445 INFO [main] org.apache.catalina.startup.VersionLoggerListener.log Command line argument: --add-opens=java.base/java.util.concurrent=ALL-UNNAMED
13-Sep-2025 12:29:14.445 INFO [main] org.apache.catalina.startup.VersionLoggerListener.log Command line argument: --add-opens=java.rmi/sun.rmi.transport=ALL-UNNAMED
13-Sep-2025 12:29:14.445 INFO [main] org.apache.catalina.startup.VersionLoggerListener.log Command line argument: -Djava.util.logging.config.file=/Users/nguyendinhtanloc/Documents/Project/WebProject/tomCat/conf/logging.properties
13-Sep-2025 12:29:14.445 INFO [main] org.apache.catalina.startup.VersionLoggerListener.log Command line argument: -Djava.util.logging.manager=org.apache.juli.ClassLoaderLogManager
13-Sep-2025 12:29:14.445 INFO [main] org.apache.catalina.startup.VersionLoggerListener.log Command line argument: -Djdk.tls.ephemeralDHKeySize=2048
13-Sep-2025 12:29:14.445 INFO [main] org.apache.catalina.startup.VersionLoggerListener.log Command line argument: -Djava.protocol.handler.pkgs=org.apache.catalina.webresources
13-Sep-2025 12:29:14.445 INFO [main] org.apache.catalina.startup.VersionLoggerListener.log Command line argument: -Dsun.io.useCanonCaches=false
13-Sep-2025 12:29:14.445 INFO [main] org.apache.catalina.startup.VersionLoggerListener.log Command line argument: -Dorg.apache.catalina.security.SecurityListener.UMASK=0027
13-Sep-2025 12:29:14.445 INFO [main] org.apache.catalina.startup.VersionLoggerListener.log Command line argument: -Dignore.endorsed.dirs=
13-Sep-2025 12:29:14.445 INFO [main] org.apache.catalina.startup.VersionLoggerListener.log Command line argument: -Dcatalina.base=/Users/nguyendinhtanloc/Documents/Project/WebProject/tomCat
13-Sep-2025 12:29:14.446 INFO [main] org.apache.catalina.startup.VersionLoggerListener.log Command line argument: -Dcatalina.home=/Users/nguyendinhtanloc/Documents/Project/WebProject/tomCat
13-Sep-2025 12:29:14.446 INFO [main] org.apache.catalina.startup.VersionLoggerListener.log Command line argument: -Djava.io.tmpdir=/Users/nguyendinhtanloc/Documents/Project/WebProject/tomCat/temp
13-Sep-2025 12:29:14.450 INFO [main] org.apache.catalina.core.AprLifecycleListener.lifecycleEvent The Apache Tomcat Native library which allows using OpenSSL was not found on the java.library.path: [/Users/nguyendinhtanloc/Library/Java/Extensions:/Library/Java/Extensions:/Network/Library/Java/Extensions:/System/Library/Java/Extensions:/usr/lib/java:.]
13-Sep-2025 12:29:14.574 INFO [main] org.apache.coyote.AbstractProtocol.init Initializing ProtocolHandler ["http-nio-8080"]
13-Sep-2025 12:29:14.585 INFO [main] org.apache.catalina.startup.Catalina.load Server initialization in [223] milliseconds
13-Sep-2025 12:29:14.598 INFO [main] org.apache.catalina.core.StandardService.startInternal Starting service [Catalina]
13-Sep-2025 12:29:14.598 INFO [main] org.apache.catalina.core.StandardEngine.startInternal Starting Servlet engine: [Apache Tomcat/9.0.108]
13-Sep-2025 12:29:14.602 INFO [main] org.apache.catalina.startup.HostConfig.deployWAR Deploying web application archive [/Users/nguyendinhtanloc/Documents/Project/WebProject/tomCat/webapps/BusBooking.war]
13-Sep-2025 12:29:14.933 INFO [main] org.apache.jasper.servlet.TldScanner.scanJars At least one JAR was scanned for TLDs yet contained no TLDs. Enable debug logging for this logger for a complete list of JARs that were scanned but no TLDs were found in them. Skipping unneeded JARs during scanning can improve startup time and JSP compilation time.
13-Sep-2025 12:29:14.947 INFO [main] org.apache.catalina.startup.HostConfig.deployWAR Deployment of web application archive [/Users/nguyendinhtanloc/Documents/Project/WebProject/tomCat/webapps/BusBooking.war] has finished in [345] ms
13-Sep-2025 12:29:14.947 INFO [main] org.apache.catalina.startup.HostConfig.deployDirectory Deploying web application directory [/Users/nguyendinhtanloc/Documents/Project/WebProject/tomCat/webapps/docs]
13-Sep-2025 12:29:14.957 INFO [main] org.apache.catalina.startup.HostConfig.deployDirectory Deployment of web application directory [/Users/nguyendinhtanloc/Documents/Project/WebProject/tomCat/webapps/docs] has finished in [10] ms
13-Sep-2025 12:29:14.957 INFO [main] org.apache.catalina.startup.HostConfig.deployDirectory Deploying web application directory [/Users/nguyendinhtanloc/Documents/Project/WebProject/tomCat/webapps/manager]
13-Sep-2025 12:29:14.967 INFO [main] org.apache.catalina.startup.HostConfig.deployDirectory Deployment of web application directory [/Users/nguyendinhtanloc/Documents/Project/WebProject/tomCat/webapps/manager] has finished in [10] ms
13-Sep-2025 12:29:14.968 INFO [main] org.apache.catalina.startup.HostConfig.deployDirectory Deploying web application directory [/Users/nguyendinhtanloc/Documents/Project/WebProject/tomCat/webapps/examples]
13-Sep-2025 12:29:15.028 INFO [main] org.apache.catalina.startup.HostConfig.deployDirectory Deployment of web application directory [/Users/nguyendinhtanloc/Documents/Project/WebProject/tomCat/webapps/examples] has finished in [60] ms
13-Sep-2025 12:29:15.028 INFO [main] org.apache.catalina.startup.HostConfig.deployDirectory Deploying web application directory [/Users/nguyendinhtanloc/Documents/Project/WebProject/tomCat/webapps/ROOT]
13-Sep-2025 12:29:15.034 INFO [main] org.apache.catalina.startup.HostConfig.deployDirectory Deployment of web application directory [/Users/nguyendinhtanloc/Documents/Project/WebProject/tomCat/webapps/ROOT] has finished in [6] ms
13-Sep-2025 12:29:15.034 INFO [main] org.apache.catalina.startup.HostConfig.deployDirectory Deploying web application directory [/Users/nguyendinhtanloc/Documents/Project/WebProject/tomCat/webapps/host-manager]
13-Sep-2025 12:29:15.040 INFO [main] org.apache.catalina.startup.HostConfig.deployDirectory Deployment of web application directory [/Users/nguyendinhtanloc/Documents/Project/WebProject/tomCat/webapps/host-manager] has finished in [6] ms
13-Sep-2025 12:29:15.042 INFO [main] org.apache.coyote.AbstractProtocol.start Starting ProtocolHandler ["http-nio-8080"]
13-Sep-2025 12:29:15.047 INFO [main] org.apache.catalina.startup.Catalina.start Server startup in [461] milliseconds
java.net.SocketException: Connection reset
	at java.base/sun.nio.ch.NioSocketImpl.implRead(NioSocketImpl.java:328)
	at java.base/sun.nio.ch.NioSocketImpl.read(NioSocketImpl.java:355)
	at java.base/sun.nio.ch.NioSocketImpl$1.read(NioSocketImpl.java:808)
	at java.base/java.net.Socket$SocketInputStream.read(Socket.java:966)
	at java.base/sun.security.ssl.SSLSocketInputRecord.read(SSLSocketInputRecord.java:484)
	at java.base/sun.security.ssl.SSLSocketInputRecord.readHeader(SSLSocketInputRecord.java:478)
	at java.base/sun.security.ssl.SSLSocketInputRecord.decode(SSLSocketInputRecord.java:160)
	at java.base/sun.security.ssl.SSLTransport.decode(SSLTransport.java:111)
	at java.base/sun.security.ssl.SSLSocketImpl.decode(SSLSocketImpl.java:1510)
	at java.base/sun.security.ssl.SSLSocketImpl.readHandshakeRecord(SSLSocketImpl.java:1425)
	at java.base/sun.security.ssl.SSLSocketImpl.startHandshake(SSLSocketImpl.java:455)
	at java.base/sun.security.ssl.SSLSocketImpl.startHandshake(SSLSocketImpl.java:426)
	at okhttp3.internal.connection.RealConnection.connectTls(RealConnection.kt:379)
	at okhttp3.internal.connection.RealConnection.establishProtocol(RealConnection.kt:337)
	at okhttp3.internal.connection.RealConnection.connect(RealConnection.kt:209)
	at okhttp3.internal.connection.ExchangeFinder.findConnection(ExchangeFinder.kt:226)
	at okhttp3.internal.connection.ExchangeFinder.findHealthyConnection(ExchangeFinder.kt:106)
	at okhttp3.internal.connection.ExchangeFinder.find(ExchangeFinder.kt:74)
	at okhttp3.internal.connection.RealCall.initExchange$okhttp(RealCall.kt:255)
	at okhttp3.internal.connection.ConnectInterceptor.intercept(ConnectInterceptor.kt:32)
	at okhttp3.internal.http.RealInterceptorChain.proceed(RealInterceptorChain.kt:109)
	at okhttp3.internal.cache.CacheInterceptor.intercept(CacheInterceptor.kt:95)
	at okhttp3.internal.http.RealInterceptorChain.proceed(RealInterceptorChain.kt:109)
	at okhttp3.internal.http.BridgeInterceptor.intercept(BridgeInterceptor.kt:83)
	at okhttp3.internal.http.RealInterceptorChain.proceed(RealInterceptorChain.kt:109)
	at okhttp3.internal.http.RetryAndFollowUpInterceptor.intercept(RetryAndFollowUpInterceptor.kt:76)
	at okhttp3.internal.http.RealInterceptorChain.proceed(RealInterceptorChain.kt:109)
	at okhttp3.internal.connection.RealCall.getResponseWithInterceptorChain$okhttp(RealCall.kt:201)
	at okhttp3.internal.connection.RealCall.execute(RealCall.kt:154)
	at com.busbooking.model.AuthService.authenticateUser(AuthService.java:53)
	at com.busbooking.controller.LoginServlet.doPost(LoginServlet.java:32)
	at javax.servlet.http.HttpServlet.service(HttpServlet.java:555)
	at javax.servlet.http.HttpServlet.service(HttpServlet.java:623)
	at org.apache.catalina.core.ApplicationFilterChain.internalDoFilter(ApplicationFilterChain.java:199)
	at org.apache.catalina.core.ApplicationFilterChain.doFilter(ApplicationFilterChain.java:144)
	at org.apache.tomcat.websocket.server.WsFilter.doFilter(WsFilter.java:51)
	at org.apache.catalina.core.ApplicationFilterChain.internalDoFilter(ApplicationFilterChain.java:168)
	at org.apache.catalina.core.ApplicationFilterChain.doFilter(ApplicationFilterChain.java:144)
	at org.apache.catalina.core.StandardWrapperValve.invoke(StandardWrapperValve.java:168)
	at org.apache.catalina.core.StandardContextValve.invoke(StandardContextValve.java:90)
	at org.apache.catalina.authenticator.AuthenticatorBase.invoke(AuthenticatorBase.java:482)
	at org.apache.catalina.core.StandardHostValve.invoke(StandardHostValve.java:130)
	at org.apache.catalina.valves.ErrorReportValve.invoke(ErrorReportValve.java:93)
	at org.apache.catalina.valves.AbstractAccessLogValve.invoke(AbstractAccessLogValve.java:656)
	at org.apache.catalina.core.StandardEngineValve.invoke(StandardEngineValve.java:74)
	at org.apache.catalina.connector.CoyoteAdapter.service(CoyoteAdapter.java:346)
	at org.apache.coyote.http11.Http11Processor.service(Http11Processor.java:397)
	at org.apache.coyote.AbstractProcessorLight.process(AbstractProcessorLight.java:63)
	at org.apache.coyote.AbstractProtocol$ConnectionHandler.process(AbstractProtocol.java:935)
	at org.apache.tomcat.util.net.NioEndpoint$SocketProcessor.doRun(NioEndpoint.java:1826)
	at org.apache.tomcat.util.net.SocketProcessorBase.run(SocketProcessorBase.java:52)
	at org.apache.tomcat.util.threads.ThreadPoolExecutor.runWorker(ThreadPoolExecutor.java:1189)
	at org.apache.tomcat.util.threads.ThreadPoolExecutor$Worker.run(ThreadPoolExecutor.java:658)
	at org.apache.tomcat.util.threads.TaskThread$WrappingRunnable.run(TaskThread.java:63)
	at java.base/java.lang.Thread.run(Thread.java:840)
	Suppressed: java.net.SocketException: Connection reset
		... 55 more
java.net.SocketTimeoutException: timeout
	at okhttp3.internal.http2.Http2Stream$StreamTimeout.newTimeoutException(Http2Stream.kt:675)
	at okhttp3.internal.http2.Http2Stream$StreamTimeout.exitAndThrowIfTimedOut(Http2Stream.kt:684)
	at okhttp3.internal.http2.Http2Stream.takeHeaders(Http2Stream.kt:143)
	at okhttp3.internal.http2.Http2ExchangeCodec.readResponseHeaders(Http2ExchangeCodec.kt:97)
	at okhttp3.internal.connection.Exchange.readResponseHeaders(Exchange.kt:110)
	at okhttp3.internal.http.CallServerInterceptor.intercept(CallServerInterceptor.kt:93)
	at okhttp3.internal.http.RealInterceptorChain.proceed(RealInterceptorChain.kt:109)
	at okhttp3.internal.connection.ConnectInterceptor.intercept(ConnectInterceptor.kt:34)
	at okhttp3.internal.http.RealInterceptorChain.proceed(RealInterceptorChain.kt:109)
	at okhttp3.internal.cache.CacheInterceptor.intercept(CacheInterceptor.kt:95)
	at okhttp3.internal.http.RealInterceptorChain.proceed(RealInterceptorChain.kt:109)
	at okhttp3.internal.http.BridgeInterceptor.intercept(BridgeInterceptor.kt:83)
	at okhttp3.internal.http.RealInterceptorChain.proceed(RealInterceptorChain.kt:109)
	at okhttp3.internal.http.RetryAndFollowUpInterceptor.intercept(RetryAndFollowUpInterceptor.kt:76)
	at okhttp3.internal.http.RealInterceptorChain.proceed(RealInterceptorChain.kt:109)
	at okhttp3.internal.connection.RealCall.getResponseWithInterceptorChain$okhttp(RealCall.kt:201)
	at okhttp3.internal.connection.RealCall.execute(RealCall.kt:154)
	at com.busbooking.model.AuthService.authenticateUser(AuthService.java:53)
	at com.busbooking.controller.LoginServlet.doPost(LoginServlet.java:32)
	at javax.servlet.http.HttpServlet.service(HttpServlet.java:555)
	at javax.servlet.http.HttpServlet.service(HttpServlet.java:623)
	at org.apache.catalina.core.ApplicationFilterChain.internalDoFilter(ApplicationFilterChain.java:199)
	at org.apache.catalina.core.ApplicationFilterChain.doFilter(ApplicationFilterChain.java:144)
	at org.apache.tomcat.websocket.server.WsFilter.doFilter(WsFilter.java:51)
	at org.apache.catalina.core.ApplicationFilterChain.internalDoFilter(ApplicationFilterChain.java:168)
	at org.apache.catalina.core.ApplicationFilterChain.doFilter(ApplicationFilterChain.java:144)
	at org.apache.catalina.core.StandardWrapperValve.invoke(StandardWrapperValve.java:168)
	at org.apache.catalina.core.StandardContextValve.invoke(StandardContextValve.java:90)
	at org.apache.catalina.authenticator.AuthenticatorBase.invoke(AuthenticatorBase.java:482)
	at org.apache.catalina.core.StandardHostValve.invoke(StandardHostValve.java:130)
	at org.apache.catalina.valves.ErrorReportValve.invoke(ErrorReportValve.java:93)
	at org.apache.catalina.valves.AbstractAccessLogValve.invoke(AbstractAccessLogValve.java:656)
	at org.apache.catalina.core.StandardEngineValve.invoke(StandardEngineValve.java:74)
	at org.apache.catalina.connector.CoyoteAdapter.service(CoyoteAdapter.java:346)
	at org.apache.coyote.http11.Http11Processor.service(Http11Processor.java:397)
	at org.apache.coyote.AbstractProcessorLight.process(AbstractProcessorLight.java:63)
	at org.apache.coyote.AbstractProtocol$ConnectionHandler.process(AbstractProtocol.java:935)
	at org.apache.tomcat.util.net.NioEndpoint$SocketProcessor.doRun(NioEndpoint.java:1826)
	at org.apache.tomcat.util.net.SocketProcessorBase.run(SocketProcessorBase.java:52)
	at org.apache.tomcat.util.threads.ThreadPoolExecutor.runWorker(ThreadPoolExecutor.java:1189)
	at org.apache.tomcat.util.threads.ThreadPoolExecutor$Worker.run(ThreadPoolExecutor.java:658)
	at org.apache.tomcat.util.threads.TaskThread$WrappingRunnable.run(TaskThread.java:63)
	at java.base/java.lang.Thread.run(Thread.java:840)
Gửi email thất bại tới nttl01012000@gmail.com
javax.mail.MessagingException: Could not convert socket to TLS;
  nested exception is:
	javax.net.ssl.SSLHandshakeException: Remote host terminated the handshake
	at com.sun.mail.smtp.SMTPTransport.startTLS(SMTPTransport.java:2155)
	at com.sun.mail.smtp.SMTPTransport.protocolConnect(SMTPTransport.java:752)
	at javax.mail.Service.connect(Service.java:388)
	at javax.mail.Service.connect(Service.java:246)
	at javax.mail.Service.connect(Service.java:195)
	at javax.mail.Transport.send0(Transport.java:254)
	at javax.mail.Transport.send(Transport.java:124)
	at com.busbooking.util.EmailService.sendEmail(EmailService.java:96)
	at com.busbooking.model.AuthService.sendDetailedOtpEmail(AuthService.java:117)
	at com.busbooking.model.AuthService.generateAndSendOtp(AuthService.java:88)
	at com.busbooking.controller.LoginServlet.doPost(LoginServlet.java:39)
	at javax.servlet.http.HttpServlet.service(HttpServlet.java:555)
	at javax.servlet.http.HttpServlet.service(HttpServlet.java:623)
	at org.apache.catalina.core.ApplicationFilterChain.internalDoFilter(ApplicationFilterChain.java:199)
	at org.apache.catalina.core.ApplicationFilterChain.doFilter(ApplicationFilterChain.java:144)
	at org.apache.tomcat.websocket.server.WsFilter.doFilter(WsFilter.java:51)
	at org.apache.catalina.core.ApplicationFilterChain.internalDoFilter(ApplicationFilterChain.java:168)
	at org.apache.catalina.core.ApplicationFilterChain.doFilter(ApplicationFilterChain.java:144)
	at org.apache.catalina.core.StandardWrapperValve.invoke(StandardWrapperValve.java:168)
	at org.apache.catalina.core.StandardContextValve.invoke(StandardContextValve.java:90)
	at org.apache.catalina.authenticator.AuthenticatorBase.invoke(AuthenticatorBase.java:482)
	at org.apache.catalina.core.StandardHostValve.invoke(StandardHostValve.java:130)
	at org.apache.catalina.valves.ErrorReportValve.invoke(ErrorReportValve.java:93)
	at org.apache.catalina.valves.AbstractAccessLogValve.invoke(AbstractAccessLogValve.java:656)
	at org.apache.catalina.core.StandardEngineValve.invoke(StandardEngineValve.java:74)
	at org.apache.catalina.connector.CoyoteAdapter.service(CoyoteAdapter.java:346)
	at org.apache.coyote.http11.Http11Processor.service(Http11Processor.java:397)
	at org.apache.coyote.AbstractProcessorLight.process(AbstractProcessorLight.java:63)
	at org.apache.coyote.AbstractProtocol$ConnectionHandler.process(AbstractProtocol.java:935)
	at org.apache.tomcat.util.net.NioEndpoint$SocketProcessor.doRun(NioEndpoint.java:1826)
	at org.apache.tomcat.util.net.SocketProcessorBase.run(SocketProcessorBase.java:52)
	at org.apache.tomcat.util.threads.ThreadPoolExecutor.runWorker(ThreadPoolExecutor.java:1189)
	at org.apache.tomcat.util.threads.ThreadPoolExecutor$Worker.run(ThreadPoolExecutor.java:658)
	at org.apache.tomcat.util.threads.TaskThread$WrappingRunnable.run(TaskThread.java:63)
	at java.base/java.lang.Thread.run(Thread.java:840)
Caused by: javax.net.ssl.SSLHandshakeException: Remote host terminated the handshake
	at java.base/sun.security.ssl.SSLSocketImpl.handleEOF(SSLSocketImpl.java:1719)
	at java.base/sun.security.ssl.SSLSocketImpl.decode(SSLSocketImpl.java:1518)
	at java.base/sun.security.ssl.SSLSocketImpl.readHandshakeRecord(SSLSocketImpl.java:1425)
	at java.base/sun.security.ssl.SSLSocketImpl.startHandshake(SSLSocketImpl.java:455)
	at java.base/sun.security.ssl.SSLSocketImpl.startHandshake(SSLSocketImpl.java:426)
	at com.sun.mail.util.SocketFetcher.configureSSLSocket(SocketFetcher.java:626)
	at com.sun.mail.util.SocketFetcher.startTLS(SocketFetcher.java:553)
	at com.sun.mail.smtp.SMTPTransport.startTLS(SMTPTransport.java:2150)
	... 34 more
Caused by: java.io.EOFException: SSL peer shut down incorrectly
	at java.base/sun.security.ssl.SSLSocketInputRecord.read(SSLSocketInputRecord.java:489)
	at java.base/sun.security.ssl.SSLSocketInputRecord.readHeader(SSLSocketInputRecord.java:478)
	at java.base/sun.security.ssl.SSLSocketInputRecord.decode(SSLSocketInputRecord.java:160)
	at java.base/sun.security.ssl.SSLTransport.decode(SSLTransport.java:111)
	at java.base/sun.security.ssl.SSLSocketImpl.decode(SSLSocketImpl.java:1510)
	... 40 more
java.net.SocketTimeoutException: Connect timed out
	at java.base/sun.nio.ch.NioSocketImpl.timedFinishConnect(NioSocketImpl.java:551)
	at java.base/sun.nio.ch.NioSocketImpl.connect(NioSocketImpl.java:602)
	at java.base/java.net.SocksSocketImpl.connect(SocksSocketImpl.java:327)
	at java.base/java.net.Socket.connect(Socket.java:633)
	at okhttp3.internal.platform.Platform.connectSocket(Platform.kt:128)
	at okhttp3.internal.connection.RealConnection.connectSocket(RealConnection.kt:295)
	at okhttp3.internal.connection.RealConnection.connect(RealConnection.kt:207)
	at okhttp3.internal.connection.ExchangeFinder.findConnection(ExchangeFinder.kt:226)
	at okhttp3.internal.connection.ExchangeFinder.findHealthyConnection(ExchangeFinder.kt:106)
	at okhttp3.internal.connection.ExchangeFinder.find(ExchangeFinder.kt:74)
	at okhttp3.internal.connection.RealCall.initExchange$okhttp(RealCall.kt:255)
	at okhttp3.internal.connection.ConnectInterceptor.intercept(ConnectInterceptor.kt:32)
	at okhttp3.internal.http.RealInterceptorChain.proceed(RealInterceptorChain.kt:109)
	at okhttp3.internal.cache.CacheInterceptor.intercept(CacheInterceptor.kt:95)
	at okhttp3.internal.http.RealInterceptorChain.proceed(RealInterceptorChain.kt:109)
	at okhttp3.internal.http.BridgeInterceptor.intercept(BridgeInterceptor.kt:83)
	at okhttp3.internal.http.RealInterceptorChain.proceed(RealInterceptorChain.kt:109)
	at okhttp3.internal.http.RetryAndFollowUpInterceptor.intercept(RetryAndFollowUpInterceptor.kt:76)
	at okhttp3.internal.http.RealInterceptorChain.proceed(RealInterceptorChain.kt:109)
	at okhttp3.internal.connection.RealCall.getResponseWithInterceptorChain$okhttp(RealCall.kt:201)
	at okhttp3.internal.connection.RealCall.execute(RealCall.kt:154)
	at com.busbooking.model.AuthService.authenticateUser(AuthService.java:53)
	at com.busbooking.controller.LoginServlet.doPost(LoginServlet.java:32)
	at javax.servlet.http.HttpServlet.service(HttpServlet.java:555)
	at javax.servlet.http.HttpServlet.service(HttpServlet.java:623)
	at org.apache.catalina.core.ApplicationFilterChain.internalDoFilter(ApplicationFilterChain.java:199)
	at org.apache.catalina.core.ApplicationFilterChain.doFilter(ApplicationFilterChain.java:144)
	at org.apache.tomcat.websocket.server.WsFilter.doFilter(WsFilter.java:51)
	at org.apache.catalina.core.ApplicationFilterChain.internalDoFilter(ApplicationFilterChain.java:168)
	at org.apache.catalina.core.ApplicationFilterChain.doFilter(ApplicationFilterChain.java:144)
	at org.apache.catalina.core.StandardWrapperValve.invoke(StandardWrapperValve.java:168)
	at org.apache.catalina.core.StandardContextValve.invoke(StandardContextValve.java:90)
	at org.apache.catalina.authenticator.AuthenticatorBase.invoke(AuthenticatorBase.java:482)
	at org.apache.catalina.core.StandardHostValve.invoke(StandardHostValve.java:130)
	at org.apache.catalina.valves.ErrorReportValve.invoke(ErrorReportValve.java:93)
	at org.apache.catalina.valves.AbstractAccessLogValve.invoke(AbstractAccessLogValve.java:656)
	at org.apache.catalina.core.StandardEngineValve.invoke(StandardEngineValve.java:74)
	at org.apache.catalina.connector.CoyoteAdapter.service(CoyoteAdapter.java:346)
	at org.apache.coyote.http11.Http11Processor.service(Http11Processor.java:397)
	at org.apache.coyote.AbstractProcessorLight.process(AbstractProcessorLight.java:63)
	at org.apache.coyote.AbstractProtocol$ConnectionHandler.process(AbstractProtocol.java:935)
	at org.apache.tomcat.util.net.NioEndpoint$SocketProcessor.doRun(NioEndpoint.java:1826)
	at org.apache.tomcat.util.net.SocketProcessorBase.run(SocketProcessorBase.java:52)
	at org.apache.tomcat.util.threads.ThreadPoolExecutor.runWorker(ThreadPoolExecutor.java:1189)
	at org.apache.tomcat.util.threads.ThreadPoolExecutor$Worker.run(ThreadPoolExecutor.java:658)
	at org.apache.tomcat.util.threads.TaskThread$WrappingRunnable.run(TaskThread.java:63)
	at java.base/java.lang.Thread.run(Thread.java:840)
	Suppressed: java.net.SocketTimeoutException: Connect timed out
		... 47 more
Email đã gửi tới: nttl01012000@gmail.com
Email đã gửi tới: nttl01012000@gmail.com
Email đã gửi tới: nttl01012000@gmail.com
Email đã gửi tới: nttl01012000@gmail.com
13-Sep-2025 12:53:24.409 INFO [Catalina-utility-2] org.apache.catalina.startup.HostConfig.undeploy Undeploying context [/BusBooking]
13-Sep-2025 12:53:24.413 INFO [Catalina-utility-2] org.apache.catalina.core.StandardWrapper.unload Waiting for [2] instance(s) to be deallocated for Servlet [com.busbooking.controller.LoginServlet]
13-Sep-2025 12:53:25.451 INFO [Catalina-utility-2] org.apache.catalina.core.StandardWrapper.unload Waiting for [2] instance(s) to be deallocated for Servlet [com.busbooking.controller.LoginServlet]
13-Sep-2025 12:53:26.494 INFO [Catalina-utility-2] org.apache.catalina.core.StandardWrapper.unload Waiting for [2] instance(s) to be deallocated for Servlet [com.busbooking.controller.LoginServlet]
13-Sep-2025 12:53:26.632 WARNING [Catalina-utility-2] org.apache.catalina.loader.WebappClassLoaderBase.clearReferencesThreads The thread [http-nio-8080-exec-2] of web application [BusBooking] is still processing a request that has yet to finish. This is very likely to create a memory leak. You can control the time allowed for requests to finish by using the unloadDelay attribute of the standard Context implementation. Stack trace of request processing thread:[
 java.base@17.0.15/sun.nio.ch.SocketDispatcher.read0(Native Method)
 java.base@17.0.15/sun.nio.ch.SocketDispatcher.read(SocketDispatcher.java:47)
 java.base@17.0.15/sun.nio.ch.NioSocketImpl.tryRead(NioSocketImpl.java:266)
 java.base@17.0.15/sun.nio.ch.NioSocketImpl.implRead(NioSocketImpl.java:317)
 java.base@17.0.15/sun.nio.ch.NioSocketImpl.read(NioSocketImpl.java:355)
 java.base@17.0.15/sun.nio.ch.NioSocketImpl$1.read(NioSocketImpl.java:808)
 java.base@17.0.15/java.net.Socket$SocketInputStream.read(Socket.java:966)
 java.base@17.0.15/sun.security.ssl.SSLSocketInputRecord.read(SSLSocketInputRecord.java:484)
 java.base@17.0.15/sun.security.ssl.SSLSocketInputRecord.readHeader(SSLSocketInputRecord.java:478)
 java.base@17.0.15/sun.security.ssl.SSLSocketInputRecord.bytesInCompletePacket(SSLSocketInputRecord.java:70)
 java.base@17.0.15/sun.security.ssl.SSLSocketImpl.readApplicationRecord(SSLSocketImpl.java:1465)
 java.base@17.0.15/sun.security.ssl.SSLSocketImpl$AppInputStream.read(SSLSocketImpl.java:1069)
 com.sun.mail.util.TraceInputStream.read(TraceInputStream.java:126)
 java.base@17.0.15/java.io.BufferedInputStream.fill(BufferedInputStream.java:244)
 java.base@17.0.15/java.io.BufferedInputStream.read(BufferedInputStream.java:263)
 com.sun.mail.util.LineInputStream.readLine(LineInputStream.java:106)
 com.sun.mail.smtp.SMTPTransport.readServerResponse(SMTPTransport.java:2440)
 com.sun.mail.smtp.SMTPTransport.issueSendCommand(SMTPTransport.java:2337)
 com.sun.mail.smtp.SMTPTransport.finishData(SMTPTransport.java:2110)
 com.sun.mail.smtp.SMTPTransport.sendMessage(SMTPTransport.java:1316)
 javax.mail.Transport.send0(Transport.java:255)
 javax.mail.Transport.send(Transport.java:124)
 com.busbooking.util.EmailService.sendEmail(EmailService.java:96)
 com.busbooking.model.AuthService.sendDetailedOtpEmail(AuthService.java:117)
 com.busbooking.model.AuthService.generateAndSendOtp(AuthService.java:88)
 com.busbooking.controller.LoginServlet.doPost(LoginServlet.java:39)
 javax.servlet.http.HttpServlet.service(HttpServlet.java:555)
 javax.servlet.http.HttpServlet.service(HttpServlet.java:623)
 org.apache.catalina.core.ApplicationFilterChain.internalDoFilter(ApplicationFilterChain.java:199)
 org.apache.catalina.core.ApplicationFilterChain.doFilter(ApplicationFilterChain.java:144)
 org.apache.tomcat.websocket.server.WsFilter.doFilter(WsFilter.java:51)
 org.apache.catalina.core.ApplicationFilterChain.internalDoFilter(ApplicationFilterChain.java:168)
 org.apache.catalina.core.ApplicationFilterChain.doFilter(ApplicationFilterChain.java:144)
 org.apache.catalina.core.StandardWrapperValve.invoke(StandardWrapperValve.java:168)
 org.apache.catalina.core.StandardContextValve.invoke(StandardContextValve.java:90)
 org.apache.catalina.authenticator.AuthenticatorBase.invoke(AuthenticatorBase.java:482)
 org.apache.catalina.core.StandardHostValve.invoke(StandardHostValve.java:130)
 org.apache.catalina.valves.ErrorReportValve.invoke(ErrorReportValve.java:93)
 org.apache.catalina.valves.AbstractAccessLogValve.invoke(AbstractAccessLogValve.java:656)
 org.apache.catalina.core.StandardEngineValve.invoke(StandardEngineValve.java:74)
 org.apache.catalina.connector.CoyoteAdapter.service(CoyoteAdapter.java:346)
 org.apache.coyote.http11.Http11Processor.service(Http11Processor.java:397)
 org.apache.coyote.AbstractProcessorLight.process(AbstractProcessorLight.java:63)
 org.apache.coyote.AbstractProtocol$ConnectionHandler.process(AbstractProtocol.java:935)
 org.apache.tomcat.util.net.NioEndpoint$SocketProcessor.doRun(NioEndpoint.java:1826)
 org.apache.tomcat.util.net.SocketProcessorBase.run(SocketProcessorBase.java:52)
 org.apache.tomcat.util.threads.ThreadPoolExecutor.runWorker(ThreadPoolExecutor.java:1189)
 org.apache.tomcat.util.threads.ThreadPoolExecutor$Worker.run(ThreadPoolExecutor.java:658)
 org.apache.tomcat.util.threads.TaskThread$WrappingRunnable.run(TaskThread.java:63)
 java.base@17.0.15/java.lang.Thread.run(Thread.java:840)]
13-Sep-2025 12:53:26.633 WARNING [Catalina-utility-2] org.apache.catalina.loader.WebappClassLoaderBase.clearReferencesThreads The thread [http-nio-8080-exec-10] of web application [BusBooking] is still processing a request that has yet to finish. This is very likely to create a memory leak. You can control the time allowed for requests to finish by using the unloadDelay attribute of the standard Context implementation. Stack trace of request processing thread:[
 java.base@17.0.15/sun.nio.ch.SocketDispatcher.read0(Native Method)
 java.base@17.0.15/sun.nio.ch.SocketDispatcher.read(SocketDispatcher.java:47)
 java.base@17.0.15/sun.nio.ch.NioSocketImpl.tryRead(NioSocketImpl.java:266)
 java.base@17.0.15/sun.nio.ch.NioSocketImpl.implRead(NioSocketImpl.java:317)
 java.base@17.0.15/sun.nio.ch.NioSocketImpl.read(NioSocketImpl.java:355)
 java.base@17.0.15/sun.nio.ch.NioSocketImpl$1.read(NioSocketImpl.java:808)
 java.base@17.0.15/java.net.Socket$SocketInputStream.read(Socket.java:966)
 java.base@17.0.15/sun.security.ssl.SSLSocketInputRecord.read(SSLSocketInputRecord.java:484)
 java.base@17.0.15/sun.security.ssl.SSLSocketInputRecord.readHeader(SSLSocketInputRecord.java:478)
 java.base@17.0.15/sun.security.ssl.SSLSocketInputRecord.bytesInCompletePacket(SSLSocketInputRecord.java:70)
 java.base@17.0.15/sun.security.ssl.SSLSocketImpl.readApplicationRecord(SSLSocketImpl.java:1465)
 java.base@17.0.15/sun.security.ssl.SSLSocketImpl$AppInputStream.read(SSLSocketImpl.java:1069)
 com.sun.mail.util.TraceInputStream.read(TraceInputStream.java:126)
 java.base@17.0.15/java.io.BufferedInputStream.fill(BufferedInputStream.java:244)
 java.base@17.0.15/java.io.BufferedInputStream.read(BufferedInputStream.java:263)
 com.sun.mail.util.LineInputStream.readLine(LineInputStream.java:106)
 com.sun.mail.smtp.SMTPTransport.readServerResponse(SMTPTransport.java:2440)
 com.sun.mail.smtp.SMTPTransport.issueSendCommand(SMTPTransport.java:2337)
 com.sun.mail.smtp.SMTPTransport.mailFrom(SMTPTransport.java:1823)
 com.sun.mail.smtp.SMTPTransport.sendMessage(SMTPTransport.java:1300)
 javax.mail.Transport.send0(Transport.java:255)
 javax.mail.Transport.send(Transport.java:124)
 com.busbooking.util.EmailService.sendEmail(EmailService.java:96)
 com.busbooking.model.AuthService.sendDetailedOtpEmail(AuthService.java:117)
 com.busbooking.model.AuthService.generateAndSendOtp(AuthService.java:88)
 com.busbooking.controller.LoginServlet.doPost(LoginServlet.java:39)
 javax.servlet.http.HttpServlet.service(HttpServlet.java:555)
 javax.servlet.http.HttpServlet.service(HttpServlet.java:623)
 org.apache.catalina.core.ApplicationFilterChain.internalDoFilter(ApplicationFilterChain.java:199)
 org.apache.catalina.core.ApplicationFilterChain.doFilter(ApplicationFilterChain.java:144)
 org.apache.tomcat.websocket.server.WsFilter.doFilter(WsFilter.java:51)
 org.apache.catalina.core.ApplicationFilterChain.internalDoFilter(ApplicationFilterChain.java:168)
 org.apache.catalina.core.ApplicationFilterChain.doFilter(ApplicationFilterChain.java:144)
 org.apache.catalina.core.StandardWrapperValve.invoke(StandardWrapperValve.java:168)
 org.apache.catalina.core.StandardContextValve.invoke(StandardContextValve.java:90)
 org.apache.catalina.authenticator.AuthenticatorBase.invoke(AuthenticatorBase.java:482)
 org.apache.catalina.core.StandardHostValve.invoke(StandardHostValve.java:130)
 org.apache.catalina.valves.ErrorReportValve.invoke(ErrorReportValve.java:93)
 org.apache.catalina.valves.AbstractAccessLogValve.invoke(AbstractAccessLogValve.java:656)
 org.apache.catalina.core.StandardEngineValve.invoke(StandardEngineValve.java:74)
 org.apache.catalina.connector.CoyoteAdapter.service(CoyoteAdapter.java:346)
 org.apache.coyote.http11.Http11Processor.service(Http11Processor.java:397)
 org.apache.coyote.AbstractProcessorLight.process(AbstractProcessorLight.java:63)
 org.apache.coyote.AbstractProtocol$ConnectionHandler.process(AbstractProtocol.java:935)
 org.apache.tomcat.util.net.NioEndpoint$SocketProcessor.doRun(NioEndpoint.java:1826)
 org.apache.tomcat.util.net.SocketProcessorBase.run(SocketProcessorBase.java:52)
 org.apache.tomcat.util.threads.ThreadPoolExecutor.runWorker(ThreadPoolExecutor.java:1189)
 org.apache.tomcat.util.threads.ThreadPoolExecutor$Worker.run(ThreadPoolExecutor.java:658)
 org.apache.tomcat.util.threads.TaskThread$WrappingRunnable.run(TaskThread.java:63)
 java.base@17.0.15/java.lang.Thread.run(Thread.java:840)]
13-Sep-2025 12:53:26.649 INFO [Catalina-utility-2] org.apache.catalina.startup.HostConfig.deployWAR Deploying web application archive [/Users/nguyendinhtanloc/Documents/Project/WebProject/tomCat/webapps/BusBooking.war]
13-Sep-2025 12:53:26.884 INFO [Catalina-utility-2] org.apache.jasper.servlet.TldScanner.scanJars At least one JAR was scanned for TLDs yet contained no TLDs. Enable debug logging for this logger for a complete list of JARs that were scanned but no TLDs were found in them. Skipping unneeded JARs during scanning can improve startup time and JSP compilation time.
13-Sep-2025 12:53:26.886 INFO [Catalina-utility-2] org.apache.catalina.startup.HostConfig.deployWAR Deployment of web application archive [/Users/nguyendinhtanloc/Documents/Project/WebProject/tomCat/webapps/BusBooking.war] has finished in [237] ms
